Words,POS,lcfreqmovies,lcfreqbooks,Freq
je,PRO,4.414780879,4.035940584,4.225360732
de,PRP,4.401761613,4.590272355,4.496016984
est,VER,4.358377487,3.902227056,4.130302272
pas,ADV,4.262811903,3.960438906,4.111625405
le,DET,4.229259371,4.316706972,4.272983172
la,DET,4.204881501,4.395803243,4.300342372
tu,PRO,4.166423897,3.404383801,3.785403849
vous,PRO,4.13320987,3.544955579,3.839082725
ne,ADV,4.125709901,3.889418806,4.007564354
il,PRO,4.121341165,4.19954017,4.160440668
et,CON,4.110895292,4.319724878,4.215310085
un,DET,4.103309301,4.144460872,4.123885087
les,DET,3.998308608,4.206138284,4.102223446
en,PRP,3.973080725,4.057017982,4.015049354
ça,PRO,3.952882004,3.395090394,3.673986199
on,PRO,3.933991142,3.684699974,3.809345558
une,DET,3.910279073,3.992589303,3.951434188
ce,PRO,3.900823035,3.732001914,3.816412475
ai,VER,3.867931587,3.437460408,3.652695998
pour,PRP,3.851639871,3.793384528,3.8225122
des,PRP,3.782165069,4.026326077,3.904245573
qui,PRO,3.741665197,3.898903359,3.820284278
mais,CON,3.714371678,3.649847724,3.682109701
me,PRO,3.693027471,3.629849787,3.661438629
nous,PRO,3.678711356,3.5874685,3.633089928
dans,PRP,3.66825449,3.918872931,3.793563711
elle,PRO,3.655189356,3.844569741,3.749879549
du,PRP,3.642929234,3.837724765,3.740327
bien,ADV,3.63725751,3.419721199,3.528489355
que,CON,3.612879179,3.520607973,3.566743576
plus,ADV,3.611609676,3.702034838,3.656822257
non,ADV,3.606789668,3.056596164,3.331692916
te,PRO,3.602721786,2.888920477,3.245821132
tout,ADV,3.601400449,3.588256016,3.594828233
mon,DET,3.585349039,3.363230159,3.474289599
suis,VER,3.575257142,3.062198282,3.318727712
au,PRP,3.57261025,3.72611567,3.64936296
avec,ADV,3.568775318,3.602104504,3.585439911
moi,PRO,3.567763687,3.274377251,3.421070469
si,ADV,3.541927289,3.269307423,3.405617356
as,VER,3.536209857,2.707229419,3.121719638
va,VER,3.529287876,2.841728526,3.185508201
oui,INT,3.506146355,2.804527874,3.155337115
fait,VER,3.500538345,3.258117446,3.379327896
ils,PRO,3.487855006,3.448633674,3.46824434
comme,ADV,3.462954736,3.57921178,3.521083258
faire,VER,3.437109744,3.191769492,3.314439618
était,VER,3.432578089,3.714902014,3.573740052
sur,PRP,3.41035876,3.727216635,3.568787698
toi,PRO,3.401314363,2.653540523,3.027427443
sais,VER,3.396710084,2.78906574,3.092887912
veux,VER,3.395663561,2.577457331,2.986560446
quoi,PRO,3.394798278,2.772739661,3.08376897
ici,ADV,3.38233949,2.684531192,3.033435341
es,VER,3.378112518,2.524162358,2.951137438
rien,ADV,3.376861527,3.188568531,3.282715029
ma,DET,3.370529743,3.221977282,3.296253513
lui,PRO,3.364391506,3.626923142,3.495657324
où,ADV,3.337908299,3.315573635,3.326740967
dit,VER,3.335050496,3.417481658,3.376266077
là,ADV,3.329410084,3.038985563,3.184197824
pourquoi,ADV,3.30215553,2.68695785,2.99455669
sont,VER,3.292408934,3.041207083,3.166808009
être,VER,3.28229576,3.103269929,3.192782845
cette,PRO,3.279272159,3.365615259,3.322443709
quand,CON,3.262624298,3.170481741,3.21655302
avez,VER,3.251455705,2.532767115,2.89211141
son,DET,3.25044928,3.676279232,3.463364256
alors,ADV,3.249846257,3.014428126,3.132137192
par,PRP,3.24640009,3.572784502,3.409592296
peux,VER,3.241491692,2.389892255,2.815691974
comment,ADV,3.217289126,2.624508984,2.920899055
vais,VER,3.216163262,2.447158031,2.831660647
dire,VER,3.208564962,2.932859182,3.070712072
très,ADV,3.201375272,3.049531997,3.125453635
ou,CON,3.199779852,3.385581252,3.292680552
bon,ADJ,3.18028935,2.774509667,2.977399509
ont,VER,3.159717546,2.899776743,3.029747145
allez,VER,3.150710399,2.192037503,2.671373951
aussi,ADV,3.146850225,3.133494199,3.140172212
voir,VER,3.146469133,2.8552465,3.000857817
fais,VER,3.143302152,2.350751818,2.747026985
jamais,ADV,3.133609156,3.050368154,3.091988655
chose,NOU,3.121162462,2.842109763,2.981636113
même,ADV,3.120636439,3.32637683,3.223506635
faut,VER,3.119951655,2.81552462,2.967738138
merci,NOU,3.118744071,1.980457892,2.549600982
tous,PRO,3.10958867,3.062683496,3.086136083
sa,DET,3.10597999,3.571991671,3.338985831
ta,DET,3.102423414,2.400865961,2.751644688
êtes,VER,3.101437735,2.393452355,2.747445045
peut,VER,3.08265614,2.70670925,2.894682695
encore,ADV,3.070754323,3.198395882,3.134575103
autre,ADJ,3.0599835,3.136444687,3.098214094
peu,ADV,3.059089866,3.20056598,3.129827923
été,VER,3.052205134,2.991553889,3.021879512
maintenant,ADV,3.050947873,2.733478141,2.892213007
mes,DET,3.04246919,3.00992233,3.02619576
avoir,NOU,3.033885953,2.918727376,2.976306665
toujours,ADV,3.030340606,3.038929978,3.034635292
temps,NOU,3.013279727,3.110384298,3.061832013
dis,VER,3.011054227,2.678846025,2.844950126
notre,DET,3.009888369,2.83294299,2.92141568
vas,VER,3.003985848,2.134655142,2.569320495
deux,ADJ,3.00389547,3.192542365,3.098218918
sans,PRP,3.001491409,3.347158215,3.174324812
avait,VER,2.996664874,3.66394297,3.330303922
vie,NOU,2.994136709,2.92193086,2.958033785
vraiment,ADV,2.986131013,2.438257472,2.712194243
vu,VER,2.978116578,2.620521229,2.799318904
quelque,PRO,2.976450859,2.825594869,2.901022864
viens,VER,2.975344481,2.102056193,2.538700337
juste,ADJ,2.965465115,2.44410728,2.704786198
crois,VER,2.956384563,2.485068074,2.720726319
fois,NOU,2.953880446,3.056904851,3.005392649
dois,VER,2.951672583,2.008727887,2.480200235
père,NOU,2.944142012,2.850100728,2.89712137
trop,ADV,2.934266092,2.897627091,2.915946592
dieu,NOU,2.930903206,2.566449278,2.748676242
chez,PRP,2.925404924,2.832853657,2.879129291
aux,PRP,2.922024418,3.280480484,3.101252451
étais,NOU,2.9213795,2.798035708,2.859707604
aller,VER,2.921150428,2.575280238,2.748215333
monde,NOU,2.915726884,2.864766124,2.890246504
femme,NOU,2.906642065,2.832636628,2.869639347
sûr,ADJ,2.903979379,2.535939384,2.719959382
après,CON,2.896305707,2.981718966,2.939012337
mal,ADJ,2.895444647,2.737049445,2.816247046
avant,PRP,2.895218059,2.867879783,2.881548921
avais,VER,2.895068778,2.963183171,2.929125975
homme,NOU,2.892712198,2.930556818,2.911634508
personne,ADV,2.885677778,2.660969772,2.773323775
accord,NOU,2.881823865,2.095727123,2.488775494
besoin,NOU,2.879692123,2.40098673,2.640339427
ses,DET,2.879577524,3.492118947,3.185848236
aime,VER,2.875807608,2.410895278,2.643351443
mort,VER,2.872214563,2.706649519,2.789432041
parler,VER,2.869002774,2.544985298,2.706994036
voilà ,ADV,2.86119975,2.517354274,2.689277012
ans,NOU,2.856227259,2.784652948,2.820440104
petit,ADJ,2.855955048,2.88576818,2.870861614
mieux,ADV,2.848712419,2.640848991,2.744780705
veut,VER,2.845835714,2.323478988,2.584657351
déjà ,ADV,2.840563996,2.848521641,2.844542819
tes,DET,2.839000123,2.161368002,2.500184063
vois,VER,2.838691709,2.404354703,2.621523206
eu,VER,2.836817639,2.661926212,2.749371926
mère,NOU,2.827369273,2.867520519,2.847444896
quel,PRO,2.818034445,2.423802725,2.620918585
doit,VER,2.81630097,2.351912206,2.584106588
vos,DET,2.812291537,2.255923459,2.534107498
sera,VER,2.804439312,2.35890521,2.581672261
jour,NOU,2.802924163,2.917164031,2.860044097
bonne,ADJ,2.800792661,2.529584332,2.665188497
depuis,PRP,2.800125705,2.817360403,2.808743054
fille,NOU,2.797676015,2.620167298,2.708921657
beaucoup,ADV,2.796574333,2.664096415,2.730335374
regarde,VER,2.787779171,2.308884414,2.548331793
donc,ADV,2.787113184,2.649217992,2.718165588
gens,NOU,2.773998423,2.61213723,2.693067827
monsieur,NOU,2.766003644,2.457518572,2.611761108
maison,NOU,2.756103372,2.664218755,2.710161064
bonjour,NOU,2.755783416,1.705350463,2.23056694
passe,VER,2.754692271,2.309757882,2.532225077
toute,PRO,2.754692271,2.904336792,2.829514532
nuit,NOU,2.75039267,2.830299898,2.790346284
soir,NOU,2.74495761,2.722000114,2.733478862
voulez,VER,2.743047002,2.055301864,2.399174433
peur,NOU,2.741805307,2.487463621,2.614634464
laisse,VER,2.7399756,2.209943736,2.474959668
faites,VER,2.733991274,2.006123606,2.37005744
maman,NOU,2.730329986,2.146748014,2.438539
puis,ADV,2.725862649,3.062047718,2.893955184
avons,VER,2.723857762,2.413048169,2.568452966
nom,NOU,2.72277373,2.514401635,2.618587683
arrive,VER,2.720242018,2.215161508,2.467701763
nos,DET,2.719853121,2.762821055,2.741337088
argent,NOU,2.71970409,2.302201011,2.510952551
reste,VER,2.718949869,2.486996888,2.602973379
seul,ADJ,2.717637222,2.717637222,2.717637222
pense,VER,2.714027829,2.250517586,2.482272708
quelle,PRO,2.709736238,2.388083431,2.548909835
allons,VER,2.69915237,2.113274692,2.406213531
cet,PRO,2.698891824,2.696793085,2.697842455
plaît,VER,2.698891824,1.740362689,2.219627257
fils,NOU,2.693058289,2.433641846,2.563350068
cela,PRO,2.692723573,2.870298538,2.781511056
vite,ADV,2.69167371,2.546406925,2.619040318
moins,ADV,2.689397663,2.866411405,2.777904534
appelle,VER,2.68643069,2.121756758,2.404093724
soit,CON,2.684441388,2.485267025,2.584854207
salut,NOU,2.681648198,1.816506437,2.249077318
attends,VER,2.67971854,1.796366155,2.238042348
demain,ADV,2.677962637,2.191842095,2.434902366
air,NOU,2.675319983,2.82020803,2.747764007
prendre,VER,2.668171512,2.536621562,2.602396537
passé,VER,2.66539335,2.478984717,2.572189034
savoir,VER,2.661216186,2.463818362,2.562517274
entre,PRP,2.659726095,2.950739588,2.805232842
arrête,VER,2.659526396,1.929776433,2.294651415
tête,NOU,2.656222816,2.935250241,2.795736529
choses,NOU,2.655003898,2.559224139,2.607114019
parle,VER,2.654830861,2.227320983,2.441075922
amour,NOU,2.653656232,2.572383618,2.613019925
enfants,NOU,2.651597801,2.536204803,2.593901302
merde,NOU,2.636878886,1.992862671,2.314870779
prends,VER,2.6349808,1.846337112,2.240658956
aurais,VER,2.632376297,2.431476344,2.531926321
jours,NOU,2.630122643,2.71215284,2.671137742
donne,VER,2.628174284,2.181929296,2.40505179
petite,ADJ,2.627928845,2.72999046,2.678959653
raison,NOU,2.62765256,2.393575203,2.510613882
elles,PRO,2.623776328,2.781855861,2.702816095
connais,VER,2.618968035,2.046690221,2.332829128
voulais,VER,2.618842704,2.030599722,2.324721213
heure,NOU,2.618466492,2.64331447,2.630890481
grand,ADJ,2.618037632,2.79919576,2.708616696
sommes,VER,2.61333432,2.375041442,2.494187881
savez,VER,2.610596292,2.123557658,2.367076975
assez,ADV,2.61039397,2.623394031,2.616894001
moment,NOU,2.605574376,2.786481678,2.696028027
sait,VER,2.60364228,2.389166084,2.496404182
toutes,PRO,2.597563562,2.785329835,2.691446699
problème,NOU,2.592398846,1.741939078,2.167168962
voiture,VER,2.591910101,2.345608951,2.468759526
combien,ADV,2.591710001,2.033584576,2.312647289
coup,NOU,2.590496312,2.807230509,2.698863411
partir,VER,2.589111464,2.224714305,2.406912885
désolé,VER,2.587486465,1.104145551,1.845816008
tard,ADV,2.584873753,2.559475706,2.57217473
porte,VER,2.581426234,2.789587762,2.685506998
pris,VER,2.580731153,2.533377991,2.557054572
seule,ADJ,2.58067413,2.531912995,2.556293563
tant,ADV,2.580172002,2.639904645,2.610038324
ami,ADJ,2.579429159,2.174931594,2.377180377
ni,CON,2.577077989,2.821094097,2.699086043
serait,VER,2.569502657,2.59837461,2.583938634
dû,VER,2.567402827,2.399119686,2.483261257
autres,ADJ,2.566708473,2.738288925,2.652498699
comprends,VER,2.566472847,2.013595524,2.290034186
travail,NOU,2.565174613,2.35022863,2.457701622
venir,VER,2.564819874,2.292278229,2.428549052
part,VER,2.564748892,2.520116553,2.542432723
pu,VER,2.563742058,2.543223451,2.553482755
aider,VER,2.559631365,1.781108836,2.170370101
sens,NOU,2.554392235,2.477714385,2.51605331
famille,NOU,2.553579642,2.383258682,2.468419162
pouvez,VER,2.548303411,1.725176301,2.136739856
vient,VER,2.546838672,2.314330783,2.430584728
tiens,PRO,2.543981177,2.137638905,2.340810041
demande,NOU,2.542327383,2.386409779,2.464368581
aurait,VER,2.540054042,2.773032722,2.656543382
tuer,VER,2.539301974,1.816506437,2.177904206
passer,VER,2.538686817,2.460567112,2.499626965
trouvé,VER,2.536722534,2.140633725,2.33867813
hommes,NOU,2.534584488,2.737685518,2.636135003
chercher,VER,2.532767115,2.236436485,2.3846018
quelques,PRO,2.528080714,2.86484913,2.696464922
revoir,VER,2.527861806,1.902329306,2.215095556
sous,PRP,2.527681446,3.025858624,2.776770035
contre,PRP,2.526003086,2.787772091,2.656887589
chance,NOU,2.523772472,2.05709529,2.290433881
idée,VER,2.519026894,2.382161183,2.450594039
trouver,VER,2.511803176,2.284881715,2.398342446
dites,VER,2.508233355,1.90960951,2.208921433
pendant,PRP,2.504851298,2.661159333,2.583005316
belle,ADJ,2.504008456,2.391552567,2.447780512
attention,NOU,2.499687083,2.149249913,2.324468498
yeux,NOU,2.499535878,2.980312497,2.739924188
pourrait,VER,2.496292954,2.202270298,2.349281626
fini,VER,2.49583562,2.208495102,2.352165361
mois,NOU,2.49458589,2.484100445,2.489343168
frère,NOU,2.493388335,2.153387979,2.323388157
rester,VER,2.491893729,2.092650478,2.292272104
beau,ADJ,2.491571786,2.473004964,2.482288375
entendu,VER,2.486727936,2.253967663,2.3703478
vieux,ADJ,2.483758414,2.605423572,2.544590993
sang,NOU,2.483301952,2.312177356,2.397739654
venez,VER,2.48291644,1.617210095,2.050063268
eux,PRO,2.470336975,2.702654519,2.586495747
histoire,NOU,2.47029286,2.465724798,2.468008829
heures,NOU,2.468923054,2.685015816,2.576969435
question,NOU,2.467800425,2.366422957,2.417111691
place,VER,2.467756051,2.656203647,2.561979849
aide,NOU,2.464042205,1.849296541,2.156669373
eau,NOU,2.463310554,2.621010013,2.542160284
sortir,VER,2.463310554,2.192985379,2.328147967
longtemps,ADV,2.462936788,2.5257443,2.494340544
gars,NOU,2.461843544,1.772761647,2.117302596
enfant,NOU,2.458275156,2.582017885,2.520146521
amis,ADJ,2.457775958,2.186730376,2.322253167
main,NOU,2.457306492,2.896922854,2.677114673
trouve,VER,2.454005938,2.214260867,2.334133403
leur,DET,2.453027694,2.630936119,2.541981907
ensemble,NOU,2.452123918,2.314899024,2.383511471
vont,VER,2.449246919,2.066773037,2.258009978
type,NOU,2.44811862,2.164204099,2.30616136
cas,NOU,2.448072189,2.337179625,2.392625907
compris,VER,2.447592109,2.16459076,2.306091435
seulement,ADV,2.445993182,2.599850335,2.522921759
ville,NOU,2.444013551,2.493722869,2.46886821
voici,ADV,2.443403817,1.98811284,2.215758329
nouveau,ADJ,2.442103322,2.516905391,2.479504357
terre,NOU,2.441789367,2.625415352,2.53360236
devant,PRP,2.440389506,2.89692836,2.668658933
police,NOU,2.44015313,1.913230871,2.176692001
truc,NOU,2.439237928,1.708845638,2.074041783
suite,NOU,2.438035772,2.432776941,2.435406357
mettre,VER,2.433049412,2.362105319,2.397577366
tué,VER,2.426527527,1.714497409,2.070512468
enfin,ADV,2.424603991,2.643719094,2.534161543
laissez,VER,2.424244422,1.497206181,1.960725302
matin,NOU,2.423295037,2.576214614,2.499754826
chambre,VER,2.422819565,2.581175677,2.501997621
pardon,NOU,2.421324177,1.644635504,2.032979841
regardez,VER,2.417986231,1.490660653,1.954323442
papa,NOU,2.413316532,1.887392219,2.150354376
venu,VER,2.4126789,2.199700339,2.30618962
partie,NOU,2.411989877,2.350732452,2.381361165
calme,ADJ,2.411653371,2.107583031,2.259618201
vers,PRP,2.411080712,2.999648079,2.705364396
arrivé,ADJ,2.410406027,2.049334336,2.229870182
mari,NOU,2.40640391,2.073278336,2.239841123
sois,VER,2.406045996,1.732313327,2.069179662
jeune,ADJ,2.403223504,2.653608024,2.528415764
mec,NOU,2.403017514,1.702516697,2.052767106
étaient,VER,2.402072144,2.967566695,2.68481942
parlé,VER,2.400883216,2.07722251,2.239052863
car,CON,2.400365273,2.685920792,2.543143033
importe,VER,2.400347998,2.179206976,2.289777487
côté,NOU,2.398825067,2.696731974,2.547778521
leurs,DET,2.398564943,2.952346784,2.675455864
corps,NOU,2.398200507,2.681548754,2.539874631
celui,PRO,2.398165783,2.504049277,2.45110753
madame,NOU,2.396757118,2.298241578,2.347499348
loin,ADV,2.395046677,2.655484195,2.525265436
pourrais,VER,2.394276527,1.812445403,2.103360965
aucun,PRO,2.393364585,2.369457065,2.381410825
prie,VER,2.393206555,1.645324002,2.019265279
dernière,ADJ,2.392661786,2.221544637,2.307103212
chaque,PRO,2.391446779,2.68694892,2.53919785
droit,NOU,2.389892255,2.388935581,2.389413918
train,NOU,2.388101202,2.433417777,2.41075949
laisser,VER,2.38583855,2.283369082,2.334603816
femmes,NOU,2.385159239,2.499054421,2.44210683
mis,VER,2.382431317,2.411922596,2.397176957
donné,VER,2.382323283,2.200248414,2.291285849
premier,ADJ,2.379849179,2.519145182,2.449497181
aura,NOU,2.379196704,2.086929024,2.233062864
feu,ADJ,2.37621185,2.333386812,2.354799331
écoute,NOU,2.374161561,1.968669702,2.171415632
savais,VER,2.37412486,2.12086994,2.2474974
devrais,VER,2.372230583,1.562173863,1.967202223
compte,NOU,2.371714203,2.377997948,2.374856076
première,ADJ,2.37165884,2.545071965,2.458365403
perdu,VER,2.3706426,2.153814864,2.262228732
mourir,VER,2.3705871,2.115976429,2.243281765
donner,VER,2.368026416,2.335558188,2.351792302
fou,ADJ,2.363216987,2.045635871,2.204426429
attendez,VER,2.362972288,1.297979244,1.830475766
cause,NOU,2.362878136,2.302785336,2.332831736
excusez,VER,2.362199639,1.206286044,1.784242842
dehors,PRP,2.359057228,2.168202747,2.263629988
aucune,PRO,2.357420246,2.303088011,2.330254129
aimerais,VER,2.357286732,1.556423121,1.956854927
point,ADV,2.355279071,2.543819805,2.449549438
super,VER,2.354703745,0.990782692,1.672743219
jouer,VER,2.353800865,2.085718595,2.21975973
coeur,NOU,2.352143912,2.579863591,2.466003752
pouvoir,NOU,2.350403096,2.3029367,2.326669898
hier,ADV,2.349801862,1.966798546,2.158300204
vivre,VER,2.349782453,2.279370318,2.314576386
docteur,NOU,2.349238663,1.919653282,2.134445973
dont,PRO,2.349122047,2.982425018,2.665773533
envie,VER,2.348538501,2.420797101,2.384667801
fin,ADJ,2.347212886,2.52975108,2.438481983
genre,NOU,2.341750979,2.190891717,2.266321348
parti,VER,2.333930674,2.151768103,2.242849389
filles,NOU,2.330352887,2.243534102,2.286943495
près,ADV,2.329723224,2.645785667,2.487754446
manger,VER,2.32888904,2.140853581,2.234871311
mains,NOU,2.328318431,2.644123341,2.486220886
demandé,VER,2.328155262,2.110320297,2.21923778
guerre,NOU,2.328012439,2.52975108,2.42888176
façon,NOU,2.32756326,2.413735517,2.370649389
fort,ADV,2.324735038,2.424244422,2.37448973
plutôt,ADV,2.323045735,2.448304296,2.385675016
possible,ADJ,2.322674032,2.320104725,2.321389379
espère,VER,2.32054092,1.641969598,1.981255259
affaire,NOU,2.32002159,2.184606267,2.252313929
devrait,VER,2.31983448,1.711722892,2.015778686
grande,ADJ,2.319085229,2.597486762,2.458285996
ainsi,CON,2.317394675,2.671598594,2.494496635
boulot,ADJ,2.315214393,1.538196578,1.926705486
fous,VER,2.314983145,1.844228581,2.079605863
gros,ADV,2.314709693,2.392626616,2.353668155
plein,ADJ,2.31103297,2.347466626,2.329249798
pays,NOU,2.306575128,2.383007042,2.344791085
ceux,PRO,2.305394367,2.491165517,2.398279942
marche,NOU,2.303886922,2.199700339,2.251793631
pensais,VER,2.299964669,1.84298347,2.07147407
souviens,VER,2.297322714,1.862369937,2.079846326
minutes,NOU,2.296730987,2.148448404,2.222589696
vue,VER,2.296687124,2.300877966,2.298782545
école,NOU,2.294554399,2.108936924,2.201745662
mets,VER,2.294289827,1.620031895,1.957160861
endroit,NOU,2.293914741,2.036029731,2.164972236
peine,VER,2.293384656,2.591287265,2.442335961
prêt,ADJ,2.292743271,1.808885867,2.050814569
film,NOU,2.290257269,1.694868328,1.992562799
pauvre,ADJ,2.289276719,2.25083458,2.27005565
voudrais,VER,2.289053558,1.964212473,2.126633016
font,VER,2.286927785,2.187295055,2.23711142
croire,VER,2.286389097,2.225076562,2.25573283
appeler,VER,2.284859177,1.805636766,2.045247972
voulait,VER,2.283640389,2.35283829,2.31823934
voyez,VER,2.2824635,1.922465945,2.102464723
dirait,VER,2.280191248,1.933892036,2.107041642
lit,NOU,2.279484429,2.532244644,2.405864537
vérité,NOU,2.279233346,2.125090713,2.20216203
chef,NOU,2.278273326,2.236965299,2.257619313
demander,VER,2.276139985,2.160348461,2.218244223
garçon,NOU,2.27510395,2.271748699,2.273426325
suffit,VER,2.274388796,1.775683249,2.025036023
derrière,PRP,2.273163378,2.651248931,2.462206155
nouvelle,ADJ,2.272839105,2.218194027,2.245516566
penses,VER,2.271609301,1.582517884,1.927063593
affaires,NOU,2.271190839,2.01300585,2.142098345
années,NOU,2.270934913,2.391905007,2.33141996
semaine,NOU,2.269536293,2.048791274,2.159163784
bientôt,ADV,2.267077817,2.22940024,2.248239029
instant,ADJ,2.266819455,2.473092641,2.369956048
parents,NOU,2.266466895,2.156912426,2.211689661
tellement,ADV,2.264109156,2.226625679,2.245367418
arriver,VER,2.262166213,1.977723605,2.119944909
voit,VER,2.260023661,2.200795798,2.23040973
presque,ADV,2.259617767,2.667957002,2.463787385
tomber,VER,2.255875273,2.124439011,2.190157142
désolée,VER,2.253846646,0.87909588,1.566471263
prend,VER,2.252901553,2.110758009,2.181829781
arrêter,VER,2.251930085,1.906388921,2.079159503
ferme,ADV,2.250712686,2.06069784,2.155705263
attendre,VER,2.249051529,2.156700553,2.202876041
plaisir,NOU,2.248953615,2.319688893,2.284321254
dernier,ADJ,2.248243083,2.288070283,2.268156683
tour,NOU,2.244425572,2.447576614,2.346001093
prenez,VER,2.243335749,1.406028945,1.824682347
mot,NOU,2.242615958,2.41575771,2.329186834
arrêtez,VER,2.240848658,0.825426118,1.533137388
attend,VER,2.240199675,1.871923032,2.056061354
bébé,NOU,2.240099746,1.558948446,1.899524096
ait,VER,2.239099182,2.172164914,2.205632048
malade,ADJ,2.238472657,1.965530944,2.102001801
café,NOU,2.236638014,2.23146959,2.234053802
important,VER,2.235250612,1.718418642,1.976834627
bas,ADV,2.235073715,2.397940009,2.316506862
fera,VER,2.232233521,1.775683249,2.003958385
garde,NOU,2.231673437,2.105714511,2.168693974
aimes,VER,2.231418614,1.408409578,1.819914096
musique,NOU,2.228272002,2.041155733,2.134713868
serai,VER,2.227475343,1.696006715,1.961741029
essaie,VER,2.225412673,1.597585502,1.911499088
roi,NOU,2.222456337,1.934599438,2.078527888
rentrer,VER,2.221048912,1.887786035,2.054417474
dessus,ADV,2.220003426,1.928395852,2.074199639
cher,ADV,2.218561762,2.044304519,2.131433141
journée,NOU,2.218404199,2.148417547,2.183410873
téléphone,VER,2.21779968,2.020361283,2.119080482
sinon,CON,2.217378648,1.951968584,2.084673616
heureux,ADJ,2.216192302,2.115976429,2.166084366
entends,VER,2.213491194,1.894592948,2.054042071
faute,NOU,2.213438063,1.913230871,2.063334467
reviens,VER,2.212693542,1.349471799,1.781082671
dur,ADJ,2.212347438,1.978682565,2.095515002
confiance,NOU,2.211867761,1.962653405,2.087260583
croyais,VER,2.211013691,1.758609143,1.984811417
numéro,NOU,2.209729428,1.77815125,1.993940339
cinq,ADJ,2.209407768,2.343625195,2.276516482
cours,NOU,2.208978517,2.26955964,2.239269079
vaut,VER,2.208253193,1.841296887,2.02477504
bonsoir,NOU,2.207257259,1.343014497,1.775135878
dormir,VER,2.206205012,1.978636948,2.09242098
entrer,VER,2.204472704,2.038461196,2.12146695
chérie,VER,2.202896809,1.505556939,1.854226874
chien,NOU,2.200768445,2.070555016,2.135661731
mariage,NOU,2.200248414,1.849296541,2.024772478
oublié,VER,2.198986806,1.942999593,2.0709932
jeu,NOU,2.19531836,2.116209126,2.155763743
bureau,NOU,2.195013563,2.11417714,2.154595352
impossible,ADJ,2.19348636,2.005266333,2.099376347
sors,VER,2.19348636,1.406028945,1.799757653
service,NOU,2.193124598,2.026451546,2.109788072
messieurs,NOU,2.192177026,1.581038949,1.886607988
meilleur,ADJ,2.192093317,1.75709222,1.974592769
soeur,NOU,2.190947679,2.066512278,2.128729979
voulu,VER,2.1897429,2.25379823,2.221770565
verre,NOU,2.187887178,2.243534102,2.21571064
facile,ADJ,2.186306384,1.94767874,2.066992562
bois,NOU,2.185230416,2.489944424,2.33758742
lieu,NOU,2.18503192,2.329153711,2.257092816
parfois,ADV,2.184293855,2.458426315,2.321360085
route,NOU,2.184208613,2.40027889,2.292243752
croyez,VER,2.183383742,1.740915076,1.962149409
parles,VER,2.182414652,1.548266545,1.865340599
autant,ADV,2.1823005,2.380952528,2.281626514
drôle,ADJ,2.181986424,1.999695887,2.090841156
pensé,NOU,2.180899687,1.989316305,2.085107996
rentre,VER,2.180183242,1.62076049,1.900471866
quatre,ADJ,2.178804346,2.451233624,2.315018985
cherche,VER,2.178257321,1.824060717,2.001159019
capitaine,NOU,2.177796133,1.946697837,2.062246985
âge,NOU,2.177392192,2.312325482,2.244858837
devez,VER,2.17655426,1.208172527,1.692363394
bras,NOU,2.173943437,2.688393123,2.43116828
mauvais,ADJ,2.17388524,2.062506775,2.118196008
travaille,VER,2.173827036,1.550717423,1.86227223
surtout,ADV,2.173768823,2.468627906,2.321198365
payer,VER,2.173477643,1.765743041,1.969610342
pensez,VER,2.172310969,1.620031895,1.896171432
joue,NOU,2.171580202,1.938619782,2.055099992
an,NOU,2.171463165,1.885134966,2.028299066
ira,VER,2.171433901,1.451939869,1.811686885
travailler,VER,2.169791954,1.831037486,2.00041472
seigneur,NOU,2.169439299,1.714497409,1.941968354
général,ADJ,2.168998077,2.436019449,2.302508763
appelé,VER,2.168409084,1.519040039,1.843724562
con,ADJ,2.168114287,1.878981123,2.023547705
ferai,VER,2.164679941,1.500922239,1.83280109
cul,NOU,2.163906433,1.809290301,1.986598367
minute,VER,2.163697946,1.787814567,1.975756257
paix,NOU,2.160948481,2.015862508,2.088405495
boire,VER,2.160828543,2.009875634,2.085352089
exactement,ADV,2.160228357,1.965483924,2.062856141
fête,NOU,2.159837791,1.858717615,2.009277703
dès,PRP,2.157517209,2.439443227,2.298480218
commence,VER,2.156882164,1.916453949,2.036668057
morts,VER,2.15582169,2.018409207,2.087115449
prison,NOU,2.155244917,1.8106357,1.982940309
veulent,VER,2.153448989,1.591621038,1.872535014
ciel,NOU,2.152960674,2.479661671,2.316311173
partout,ADV,2.152104801,2.25379823,2.202951516
écrit,VER,2.151461787,2.033584576,2.092523182
gentil,ADJ,2.151431144,1.585573519,1.868502332
ouvre,VER,2.150602952,1.903469829,2.027036391
rendre,VER,2.150172896,2.176293883,2.16323339
celle,PRO,2.150142162,2.47633882,2.313240491
excuse,VER,2.149988456,1.416307587,1.783148022
laissé,VER,2.147954431,2.07623982,2.112097126
changer,VER,2.147676324,1.859138297,2.003407311
penser,VER,2.146871903,2.208495102,2.177683503
haut,ADV,2.145972903,2.403532305,2.274752604
occupe,VER,2.145631415,1.569256833,1.857444124
avis,NOU,2.143701629,1.813847754,1.978774692
regarder,VER,2.14082218,2.213544319,2.17718325
retour,NOU,2.139942023,2.185570484,2.162756254
entendre,VER,2.139564266,2.210853365,2.175208816
étiez,VER,2.139375264,1.498172661,1.818773963
grave,ADJ,2.137797043,1.904553263,2.021175153
état,NOU,2.136117843,2.283369082,2.209743463
morte,VER,2.135673194,1.926290987,2.030982091
dîner,VER,2.13519628,1.971507782,2.053352031
montrer,VER,2.134177108,1.909288524,2.021732816
souvent,ADV,2.132067481,2.457821364,2.294944423
doute,VER,2.131426172,2.557928059,2.344677116
comprendre,VER,2.131105162,2.171755698,2.15143043
difficile,ADJ,2.13081605,2.003201947,2.067008999
faisait,VER,2.13001195,2.719935895,2.424973923
essayer,VER,2.129335353,1.751433082,1.940384218
rêve,NOU,2.126163889,2.007833093,2.066998491
sûrement,ADV,2.126033948,1.869935411,1.99798468
peuvent,VER,2.124830149,1.840858554,1.982844352
ceci,PRO,2.124080157,1.730620798,1.927350478
simple,ADJ,2.124047519,2.119552798,2.121800159
ordre,NOU,2.122215878,2.253483392,2.187849635
allait,VER,2.120705516,2.568917134,2.344811325
serais,VER,2.120442307,1.880870733,2.00065652
président,NOU,2.12037648,1.883604661,2.001990571
esprit,NOU,2.119585775,2.262071213,2.190828494
perdre,VER,2.118826663,1.989894564,2.054360614
voix,NOU,2.116707341,2.78724788,2.451977611
or,NOU,2.11564379,2.301181972,2.208412881
pire,ADJ,2.115310895,1.85545858,1.985384738
tôt,ADV,2.113876533,2.102982231,2.108429382
année,NOU,2.112739022,2.110556043,2.111647533
montre,VER,2.111766433,1.906388921,2.009077677
semble,VER,2.110286608,2.188056208,2.149171408
problèmes,NOU,2.110151829,1.599883072,1.855017451
propre,ADJ,2.109983295,2.211761094,2.160872195
ailleurs,ADV,2.109713505,2.539515192,2.324614349
rue,NOU,2.108903128,2.656720915,2.382812022
voyons,VER,2.1069724,1.651278014,1.879125207
ensuite,ADV,2.106938451,2.22837469,2.167656571
faim,NOU,2.105476121,1.874655733,1.990065927
oublie,VER,2.104964846,1.555578073,1.83027146
froid,ADJ,2.104350519,2.222248117,2.163299318
honneur,NOU,2.103050747,1.942702369,2.022876558
prix,NOU,2.102262149,2.031408464,2.066835307
noir,ADJ,2.101815786,2.443153422,2.272484604
soyez,VER,2.101506496,1.367542274,1.734524385
inquiète,ADJ,2.101437735,1.574841195,1.838139465
hôpital,NOU,2.1006462,1.702516697,1.901581449
petits,ADJ,2.099715162,2.434297385,2.267006274
retard,NOU,2.099162493,1.637989781,1.868576137
visage,NOU,2.098712931,2.690674427,2.394693679
sort,VER,2.09805504,2.064495427,2.081275234
courant,NOU,2.097743059,2.048247532,2.072995296
pars,VER,2.097708381,1.206286044,1.651997213
connaissez,VER,2.097222593,1.470263447,1.78374302
face,NOU,2.094575934,2.418566428,2.256571181
oncle,NOU,2.093806776,2.086217416,2.090012096
essayé,VER,2.093491727,1.659726095,1.876608911
tire,VER,2.093421685,1.809290301,1.951355993
bout,NOU,2.093071306,2.581335139,2.337203223
tue,VER,2.092194121,1.337658891,1.714926506
sale,VER,2.091244766,1.886208624,1.988726695
allé,VER,2.090822163,1.758154622,1.924488393
manque,VER,2.090786928,1.890812099,1.990799514
garder,VER,2.090222772,1.834484285,1.962353529
pouvais,VER,2.088525892,2.053999861,2.071262877
photo,NOU,2.088029718,1.737669627,1.912849673
patron,NOU,2.087923321,1.972434277,2.030178799
âme,NOU,2.087142279,2.112370366,2.099756323
plan,ADJ,2.087106744,1.8409212,1.964013972
voyage,NOU,2.087071206,2.061188505,2.074129856
content,ADJ,2.087000121,1.730136004,1.908568063
sûre,ADJ,2.086466611,1.752432609,1.91944961
gueule,NOU,2.08578989,2.026206297,2.055998094
livre,VER,2.085682943,2.20723031,2.146456627
force,NOU,2.08546897,2.370568599,2.228018785
adore,VER,2.085254891,1.224274014,1.654764453
appris,VER,2.085183508,1.992906818,2.039045163
maître,NOU,2.083359265,2.115277591,2.099318428
parlez,VER,2.082030981,1.343014497,1.712522739
soleil,NOU,2.081779227,2.516905391,2.299342309
amie,ADJ,2.081455328,1.763727404,1.922591366
nouvelles,ADJ,2.080806804,2.023128946,2.051967875
dollars,NOU,2.079976724,1.117602692,1.598789708
changé,VER,2.077803798,1.863560765,1.970682282
bouge,VER,2.077258864,1.54740546,1.812332162
lâche,ADJ,2.077258864,1.476976466,1.777117665
équipe,NOU,2.074926097,1.432809005,1.753867551
grâce,NOU,2.073315021,2.109848421,2.091581721
donnez,VER,2.073204956,1.135132651,1.604168804
dix,ADJ,2.072948032,2.321929669,2.197438851
questions,NOU,2.072580733,1.982044979,2.027312856
rappelle,VER,2.071587471,1.761175813,1.916381642
arme,NOU,2.071182156,1.582517884,1.82685002
marché,VER,2.070407322,1.907465107,1.988936215
six,ADJ,2.069557105,2.193736633,2.131646869
bizarre,NOU,2.069335035,1.62076049,1.845047763
gauche,ADJ,2.06881643,2.346000701,2.207408566
devoir,NOU,2.068000226,1.794488047,1.931244137
sauf,PRP,2.067368471,1.951628894,2.009498683
sorte,NOU,2.066810276,2.448629036,2.257719656
devons,VER,2.065542371,1.181843588,1.62369298
cheveux,NOU,2.065056603,2.420252883,2.242654743
lumière,NOU,2.064532861,2.377761439,2.22114715
rapport,NOU,2.062845113,1.940665872,2.001755493
acheter,VER,2.061716293,1.756560043,1.909138168
génial,ADJ,2.061716293,0.774516966,1.41811663
propos,NOU,2.061490177,2.026451546,2.043970862
chemin,NOU,2.058198188,2.2955671,2.176882644
prochaine,ADJ,2.056180423,1.554852434,1.805516429
tirer,VER,2.05579866,1.998825819,2.02731224
choix,NOU,2.054421524,1.711132072,1.882776798
secret,ADJ,2.053654558,2.001733713,2.027694136
sécurité,NOU,2.051885379,1.590172832,1.821029106
rouge,ADJ,2.051654084,2.411687033,2.231670559
fond,VER,2.05095946,2.58156284,2.31626115
médecin,NOU,2.050573077,1.783045572,1.916809325
devenir,VER,2.050031562,1.945025201,1.997528382
table,NOU,2.049140463,2.53379747,2.291468967
continue,ADJ,2.048558325,1.773713325,1.911135825
aurai,VER,2.048519488,1.680335513,1.864427501
salle,NOU,2.045714059,2.295874845,2.170794452
fallait,VER,2.044853217,2.492215434,2.268534326
venue,VER,2.044657333,1.922465945,1.983561639
promis,VER,2.04406915,1.674769314,1.859419232
pièce,NOU,2.043990666,2.287308952,2.165649809
sujet,ADJ,2.043244354,1.962937288,2.003090821
libre,ADJ,2.042811692,2.114410802,2.078611247
ferais,VER,2.042142183,1.430719888,1.736431036
début,NOU,2.040918651,2.108936924,2.074927788
monte,VER,2.040444098,1.847202364,1.943823231
cru,VER,2.039017322,2.011570444,2.025293883
fric,NOU,2.037386653,1.42078062,1.729083637
devait,VER,2.036948112,2.475656663,2.256302388
lettre,NOU,2.036588977,2.148849343,2.09271916
allais,VER,2.036189589,1.959089114,1.997639352
pieds,NOU,2.035709838,2.37701468,2.206362259
sérieux,ADJ,2.035709838,1.827563111,1.931636475
pouvait,VER,2.033504173,2.648360011,2.340932092
hôtel,NOU,2.03233666,2.157698479,2.09501757
tombe,NOU,2.032296345,1.926651077,1.979473711
seras,VER,2.029992175,1.42078062,1.725386398
pareil,ADJ,2.02820512,1.898999271,1.963602196
auras,VER,2.027716462,1.460296327,1.744006395
peuple,NOU,2.027675716,1.957798775,1.992737246
bateau,NOU,2.027553454,1.786893325,1.90722339
trucs,NOU,2.026982443,1.56371834,1.795350392
armes,NOU,2.026655814,1.871923032,1.949289423
idiot,ADJ,2.025305865,1.532244644,1.778775255
sac,NOU,2.02514195,2.098539898,2.061840924
camp,NOU,2.024977972,1.878579238,1.951778605
personnes,NOU,2.024485668,1.805160902,1.914823285
avion,NOU,2.02341709,1.670431409,1.84692425
seconde,ADJ,2.023375938,2.081383317,2.052379628
silence,NOU,2.023375938,2.495877215,2.259626577
restez,VER,2.023334783,1.033825694,1.528580239
pied,NOU,2.023293623,2.39476678,2.209030202
revenir,VER,2.023087767,1.882410684,1.952749226
complètement,ADV,2.022964207,1.911104318,1.967034263
présent,ADJ,2.02213957,2.279826582,2.150983076
espèce,NOU,2.021354713,2.104589527,2.06297212
agit,VER,2.021272014,1.867585327,1.944428671
entrez,VER,2.020568435,1.103803721,1.562186078
semaines,NOU,2.020527012,1.932524497,1.976525755
chéri,VER,2.02011257,1.354876423,1.687494497
mots,NOU,2.020029634,2.46732687,2.243678252
avaient,VER,2.018825278,2.845060813,2.431943046
télé,NOU,2.018492453,1.402605242,1.710548848
armée,VER,2.018325945,2.106428895,2.06237742
faux,ADJ,2.018325945,1.890756252,1.954541099
jure,NOU,2.017200344,1.499961866,1.758581105
doucement,ADV,2.016239191,2.108497371,2.062368281
mange,VER,2.016239191,1.504606771,1.760422981
reçu,VER,2.015527404,1.785899028,1.900713216
connaît,VER,2.014604533,1.756103372,1.885353953
tranquille,ADJ,2.014058277,1.889301703,1.95167999
honte,NOU,2.013932121,1.917190309,1.965561215
touche,VER,2.013932121,1.590172832,1.802052477
folle,NOU,2.013342904,1.778585328,1.895964116
sauver,VER,2.013258665,1.566908655,1.79008366
colonel,NOU,2.01224652,1.632558515,1.822402518
commencé,VER,2.01123201,1.869173027,1.940202519
vieille,ADJ,2.010893313,2.366292182,2.188592748
certains,PRO,2.00838723,2.12904506,2.068716145
apprendre,VER,2.007577098,1.852601969,1.930089534
foutre,ADV,2.006936451,1.691258358,1.849097405
jolie,ADJ,2.006679928,1.713994268,1.860337098
situation,NOU,2.005995123,1.985067033,1.995531078
chaud,ADJ,2.005866602,2.017826038,2.01184632
erreur,NOU,2.005738043,1.577951128,1.791844586
clair,ADV,2.004965887,2.019490163,2.012228025
long,ADV,2.004579294,2.510973731,2.257776513
retrouver,VER,2.003891166,2.097604329,2.050747748
dos,NOU,2.001474097,2.330393479,2.165933788
accident,NOU,2.000477461,1.56371834,1.782097901
message,NOU,1.998695158,1.493458051,1.746076605
mer,NOU,1.997779431,2.391905007,2.194842219
tenez,VER,1.997779431,1.48586333,1.741821381
lire,VER,1.997735777,2.050882211,2.024308994
effet,NOU,1.996380313,2.238497735,2.117439024
envoie,VER,1.995284108,1.489677292,1.7424807
jeunes,NOU,1.994053064,2.221909547,2.107981306
disais,VER,1.992862671,1.849296541,1.921079606
normal,ADJ,1.992420956,1.660960292,1.826690624
cadeau,NOU,1.991624735,1.515476441,1.753550588
occuper,VER,1.987755617,1.753506457,1.870631037
oeil,NOU,1.987353389,2.444840793,2.216097091
scène,NOU,1.985246791,1.978956165,1.982101478
avance,VER,1.984977126,2.073791643,2.029384385
finir,VER,1.984437295,1.838345269,1.911391282
carte,NOU,1.982768577,1.78497371,1.883871144
pourtant,ADV,1.981365509,2.574818075,2.278091792
appelez,VER,1.981274833,1.057666104,1.519470469
dame,NOU,1.980276141,2.041668966,2.010972554
gagné,VER,1.978910577,1.568436414,1.773673496
bête,ADJ,1.9785457,1.984482306,1.981514003
aviez,VER,1.977449227,1.491501766,1.734475497
moyen,ADJ,1.976945751,1.886265059,1.931605405
anniversaire,NOU,1.976854147,1.193124598,1.584989373
droite,ADJ,1.976670881,2.292145268,2.134408075
joli,ADJ,1.975661533,1.648652695,1.812157114
intérieur,NOU,1.975385849,2.183269844,2.079327847
soirée,NOU,1.974787932,1.765221366,1.870004649
disait,VER,1.973127854,2.546912643,2.260020249
décidé,VER,1.972943008,1.904877767,1.938910388
disparu,VER,1.972665592,1.831485839,1.902075716
fasse,VER,1.972341716,1.784474644,1.87840818
seront,VER,1.97160052,1.677971753,1.824786137
chacun,PRO,1.971322245,2.27378808,2.122555163
coin,NOU,1.970486349,2.222950459,2.096718404
triste,ADJ,1.968623021,1.938969797,1.953796409
gagner,VER,1.967173423,1.810165285,1.888669354
surprise,VER,1.966939163,1.935557645,1.951248404
commencer,VER,1.966188681,1.62838893,1.797288806
écoutez,VER,1.965953889,1.394451681,1.680202785
agent,NOU,1.965765964,1.352182518,1.658974241
devenu,VER,1.965765964,1.980821167,1.973293566
vivant,VER,1.965624967,1.793999801,1.879812384
exemple,NOU,1.962984584,2.07623982,2.019612202
debout,ADV,1.962889987,2.200987219,2.081938603
diable,NOU,1.962842681,1.731749884,1.847296283
bouche,VER,1.959375337,2.434728542,2.19705194
cuisine,NOU,1.958563883,2.094785468,2.026674676
groupe,NOU,1.957942335,1.939319531,1.948630933
visite,VER,1.95679252,1.936262342,1.946527431
aimer,VER,1.956360554,1.926651077,1.941505816
puisse,VER,1.956024282,1.873901598,1.91496294
préfère,VER,1.955880086,1.558108302,1.756994194
incroyable,ADJ,1.955543442,1.354684554,1.655113998
professeur,NOU,1.954339009,1.694868328,1.824603669
meilleure,ADJ,1.953614742,1.498034724,1.725824733
aille,VER,1.953324696,1.562887381,1.758106039
absolument,ADV,1.953227972,1.802431626,1.877829799
habitude,NOU,1.952840857,2.108936924,2.030888891
coucher,VER,1.952792443,1.853393977,1.90309321
avocat,NOU,1.950754182,1.385963571,1.668358877
met,VER,1.950608225,1.937969003,1.944288614
expliquer,VER,1.950413539,1.883945195,1.917179367
forme,NOU,1.950364854,2.175511813,2.062938334
vit,VER,1.949975178,2.184435888,2.067205533
suppose,VER,1.949731452,1.470263447,1.70999745
heureuse,ADJ,1.94860855,1.764250875,1.856429713
fut,VER,1.948412966,2.66733152,2.307872243
connaître,VER,1.947580749,1.954917554,1.951249152
santé,NOU,1.947335676,1.719579858,1.833457767
disent,VER,1.946746935,1.644635504,1.79569122
mauvaise,ADJ,1.94610823,1.850523709,1.89831597
impression,NOU,1.945960704,2.165184952,2.055572828
risque,VER,1.945960704,1.745152895,1.8455568
quitter,VER,1.944581364,1.934245881,1.939413623
millions,NOU,1.944087679,1.664829941,1.80445881
sortez,VER,1.943445049,0.721810615,1.332627832
village,NOU,1.942504106,2.072764421,2.007634264
loi,NOU,1.941362336,1.647969458,1.794665897
autour,ADV,1.940964493,2.560516363,2.250740428
livres,NOU,1.940217556,2.131426172,2.035821864
ferait,VER,1.938919812,1.887786035,1.913352924
photos,NOU,1.937668314,1.60129931,1.769483812
su,VER,1.935960469,1.895698727,1.915829598
envoyé,VER,1.935507266,1.587823171,1.761665219
rire,VER,1.934952708,2.409527367,2.172240038
enfer,NOU,1.934599438,1.588607805,1.761603622
flics,NOU,1.934346927,1.617943435,1.776145181
oublier,VER,1.934296407,1.870345371,1.902320889
existe,VER,1.933790884,1.7632033,1.848497092
prête,ADJ,1.933639113,1.646599752,1.790119433
faudra,VER,1.933132824,1.786893325,1.860013075
monter,VER,1.932980822,1.986278956,1.959629889
mettez,VER,1.93166124,0.993876915,1.462769078
cheval,NOU,1.931559567,2.042457375,1.987008471
doivent,VER,1.931559567,1.662285516,1.796922542
marcher,VER,1.931152639,1.907841143,1.919496891
dommage,NOU,1.930999942,1.468199586,1.699599764
pourra,VER,1.930337636,1.572406868,1.751372252
simplement,ADV,1.928190948,2.128140683,2.028165816
ordres,NOU,1.928139707,1.748808005,1.838473856
arrivée,VER,1.926496789,2.024567757,1.975532273
écrire,VER,1.925002508,2.065019214,1.995010861
rends,VER,1.924950889,1.433929766,1.679440328
parfait,ADJ,1.923761961,1.554004321,1.738883141
peau,NOU,1.923399466,2.24119771,2.082298588
tourne,VER,1.923088515,1.787814567,1.855451541
vraie,ADJ,1.922414024,1.889693791,1.906053908
dangereux,ADJ,1.92158244,1.515476441,1.718529441
ressemble,VER,1.921530414,1.60648885,1.764009632
moitié,NOU,1.921426341,1.996161293,1.958793817
volé,VER,1.920697134,1.353531559,1.637114347
lu,VER,1.919601024,1.774662923,1.847131974
signe,NOU,1.919182729,2.102982231,2.01108248
porter,VER,1.918606915,1.915347062,1.916976989
rend,VER,1.918606915,1.602059991,1.760333453
tenir,VER,1.918187661,2.103187749,2.010687705
rencontrer,VER,1.917610526,1.642662331,1.780136429
pourriez,VER,1.916506587,1.082426301,1.499466444
dirai,VER,1.915874503,1.438225808,1.677050156
coups,NOU,1.915558115,2.292588312,2.104073214
continuer,VER,1.915347062,1.638589083,1.776968073
arrêté,NOU,1.91503029,1.742410881,1.828720586
pleine,ADJ,1.914501823,2.143608035,2.029054929
aimé,VER,1.914290256,1.892317261,1.903303759
pouvons,VER,1.914290256,1.322426052,1.618358154
offre,VER,1.914025652,1.586362223,1.750193938
meurtre,NOU,1.91349596,1.089905111,1.501700536
change,VER,1.913230871,1.596157081,1.754693976
crime,NOU,1.912593998,1.467163966,1.689878982
réussi,VER,1.911849796,1.769746467,1.840798132
mille,ADJ,1.911636933,2.229758611,2.070697772
blanc,NOU,1.911104318,2.325843928,2.118474123
selon,PRP,1.910624405,2.044853217,1.977738811
voie,NOU,1.909876818,1.848866211,1.879371515
paraît,VER,1.909662985,2.056599976,1.983131481
sorti,VER,1.90891374,1.83231727,1.870615505
devais,VER,1.908538632,1.727378569,1.817958601
vin,NOU,1.908055874,1.999695887,1.953875881
appel,NOU,1.907841143,1.753506457,1.8306738
savait,VER,1.907680024,2.376284896,2.14198246
dedans,ADV,1.904607364,1.680426171,1.792516768
bons,ADJ,1.904011884,1.811105607,1.857558746
asseyez,VER,1.903469829,0.894316063,1.398892946
lieutenant,NOU,1.903361336,1.718999638,1.811180487
mission,NOU,1.903198547,1.626955951,1.765077249
salaud,ADJ,1.902601131,1.485721426,1.694161279
assieds,VER,1.90227492,0.959994838,1.431134879
ouvrir,VER,1.900967624,1.947335676,1.92415165
déteste,VER,1.900093902,1.31827208,1.609182991
contrôle,NOU,1.89965638,1.309630167,1.604643274
bruit,VER,1.898670343,2.351661052,2.125165698
réponse,NOU,1.898670343,1.92282922,1.910749782
prêts,ADJ,1.898505786,1.422917981,1.660711884
serez,VER,1.89795681,1.275311355,1.586634083
frères,NOU,1.897297122,1.869173027,1.883235075
magnifique,ADJ,1.896085085,1.360025089,1.628055087
verra,VER,1.895753942,1.419625361,1.657689652
connu,VER,1.895477796,2.002338881,1.948908339
terminé,VER,1.894703653,1.543198586,1.71895112
bonheur,NOU,1.893983567,2.194097886,2.044040727
tient,VER,1.893872679,1.98538156,1.93962712
rencontré,VER,1.893650817,1.662285516,1.777968167
retourne,NOU,1.892984551,1.716754357,1.804869454
raconte,VER,1.892428547,1.733357788,1.812893168
but,NOU,1.891760401,1.871514559,1.88163748
tiré,VER,1.891481704,1.746166964,1.818824334
emmène,VER,1.891258617,1.236285277,1.563771947
amoureux,NOU,1.890532792,1.696006715,1.793269754
bonnes,ADJ,1.889357737,1.863203859,1.876280798
sympa,ADJ,1.889077493,0.854913022,1.371995258
tais,VER,1.889077493,1.241297387,1.56518744
imagine,VER,1.88834801,1.729002709,1.80867536
balle,NOU,1.888291845,1.650598898,1.769445372
bord,NOU,1.886829005,2.295259136,2.091044071
retourner,VER,1.886265059,1.75709222,1.82167864
ignore,VER,1.885248108,1.361160995,1.623204552
danger,NOU,1.884965198,1.655138435,1.770051817
exact,ADJ,1.884568815,1.297979244,1.59127403
adresse,VER,1.88422877,1.7632033,1.823716035
adieu,NOU,1.884001925,1.542327383,1.713164654
terrible,ADJ,1.884001925,1.864748336,1.874375131
viennent,VER,1.883547879,1.797752129,1.840650004
plusieurs,PRO,1.883434294,2.339332168,2.111383231
pitié,NOU,1.882979654,1.762753565,1.82286661
tel,PRO,1.882467615,2.124862728,2.003665172
liberté,NOU,1.882410684,1.969928189,1.926169437
grosse,ADJ,1.881954971,1.959423022,1.920688997
battre,VER,1.880356199,1.758609143,1.819482671
devriez,VER,1.879841056,1.075181855,1.477511456
faisais,VER,1.879726497,1.782042417,1.830884457
conneries,NOU,1.879382637,1.236285277,1.557833957
trou,NOU,1.876910311,1.881270504,1.879090408
intéresse,VER,1.876217841,1.536432176,1.706325009
nez,NOU,1.876102321,2.249540765,2.062821543
boîte,NOU,1.872622379,1.974603792,1.923613086
fleurs,NOU,1.872505899,2.084290229,1.978398064
étrange,ADJ,1.871631305,1.937969003,1.904800154
sent,VER,1.870813424,1.928037206,1.899425315
classe,NOU,1.870579461,1.972110228,1.921344845
poste,VER,1.870169721,1.876621916,1.873395819
vol,NOU,1.870052582,1.615107987,1.742580285
faudrait,VER,1.869700974,2.048014291,1.958857633
mademoiselle,NOU,1.869114327,1.794488047,1.831801187
suivre,VER,1.868761958,1.903849338,1.886305648
aurez,VER,1.868644438,1.335056519,1.601850479
bande,NOU,1.868232868,1.744058166,1.806145517
partez,VER,1.868174041,0.820857989,1.344516015
poser,VER,1.867644234,1.8683505,1.867997367
vendre,VER,1.866995813,1.488691698,1.677843756
servir,VER,1.866582677,1.872680607,1.869631642
commandant,NOU,1.86421433,1.780101191,1.822157761
sert,VER,1.864154956,1.657724954,1.760939955
écouter,VER,1.864095573,1.749349761,1.806722667
petites,ADJ,1.862012051,2.20265176,2.032331906
pose,VER,1.861832998,1.806993514,1.834413256
robe,NOU,1.86165387,2.04906289,1.95535838
avenir,NOU,1.861175836,2.0548045,1.957990168
mecs,NOU,1.860996437,1.340245762,1.6006211
journal,ADJ,1.860338007,2.094541001,1.977439504
seuls,ADJ,1.860338007,1.982044979,1.921191493
sortie,NOU,1.859978442,1.954242509,1.907110476
acheté,VER,1.859618579,1.458184436,1.658901508
gamin,NOU,1.859618579,1.362482475,1.611050527
anglais,ADJ,1.857513415,2.026492407,1.942002911
irai,VER,1.857091155,1.442479769,1.649785462
hors,ADV,1.856970433,1.965812953,1.911391693
payé,VER,1.856366324,1.418467021,1.637416673
cour,NOU,1.856124444,2.176496412,2.016310428
arrière,ADV,1.85545858,2.07747692,1.96646775
approche,VER,1.855155577,1.72794771,1.791551644
vent,NOU,1.854306042,2.31731102,2.085808531
radio,ADJ,1.853150436,1.703635238,1.778392837
directeur,NOU,1.85308953,1.526985069,1.6900373
vis,VER,1.852113861,1.793511006,1.822812434
grands,ADJ,1.851930679,2.346392098,2.099161389
joie,NOU,1.851686315,2.127493545,1.98958993
parole,NOU,1.851686315,1.912859475,1.882272895
banque,VER,1.849971912,1.407220893,1.628596403
joué,VER,1.849603658,1.533009022,1.69130634
courage,NOU,1.849419414,1.843855423,1.846637419
tante,NOU,1.849357982,2.045127307,1.947242645
blessé,VER,1.849235091,1.581038949,1.71513702
secours,NOU,1.848927713,1.609274172,1.729100943
vide,ADJ,1.848927713,2.27392678,2.061427247
inutile,ADJ,1.848866211,1.742489465,1.795677838
emmener,VER,1.847634344,1.430719888,1.639177116
danse,NOU,1.847572659,1.590953235,1.719262947
déjeuner,NOU,1.847017098,1.863560765,1.855288932
fenêtre,VER,1.846337112,2.299703373,2.073020243
danser,VER,1.845470133,1.549125927,1.69729803
trouves,VER,1.84540814,1.253095586,1.549251863
ouvert,VER,1.845222106,1.941660478,1.893441292
présente,ADJ,1.843917638,1.637989781,1.74095371
appartement,NOU,1.843668723,1.934548948,1.889108836
envoyer,VER,1.843668723,1.61436984,1.729019282
devient,VER,1.842546836,1.774224905,1.808385871
ligne,NOU,1.841484609,2.004364371,1.92292449
probablement,ADV,1.841422044,1.575649615,1.70853583
société,NOU,1.841234296,1.752432609,1.796833453
assis,VER,1.840733235,2.229758611,2.035245923
parmi,PRP,1.839917776,2.235427436,2.037672606
liste,NOU,1.839289456,1.276921132,1.558105294
attaque,NOU,1.838974955,1.61436984,1.726672398
laquelle,PRO,1.838471279,2.267805102,2.053138191
compagnie,NOU,1.838219222,1.958468318,1.89834377
comprenez,VER,1.837967018,1.449940989,1.643954004
conseil,NOU,1.837967018,1.764773717,1.801370368
promets,VER,1.837651558,1.089905111,1.463778335
clé,NOU,1.837146344,1.544068044,1.690607194
croit,VER,1.837083151,1.77815125,1.807617201
milieu,NOU,1.837019949,2.3925035,2.114761725
beauté,NOU,1.836134149,1.942702369,1.889418259
bière,NOU,1.836007459,1.548266545,1.692137002
contraire,ADJ,1.83518307,2.134208993,1.984696032
fiche,VER,1.835056102,1.254789687,1.544922895
départ,NOU,1.83231727,2.071034675,1.951675973
mise,VER,1.831997677,1.932524497,1.882261087
colère,VER,1.83193373,1.967407557,1.899670644
voler,VER,1.831741834,1.415140352,1.623441093
rêves,NOU,1.831485839,1.698361566,1.764923703
thé,NOU,1.831485839,1.645324002,1.738404921
juge,VER,1.830781076,1.612253906,1.721517491
lève,NOU,1.830716949,1.890421019,1.860568984
vacances,NOU,1.829946696,1.912168896,1.871057796
auriez,VER,1.829753919,1.363799945,1.596776932
flic,NOU,1.82949675,1.490660653,1.660078702
jambes,VER,1.829368108,2.233021507,2.031194808
certain,PRO,1.828531007,2.03762567,1.933078339
revient,VER,1.828015064,1.752509401,1.790262233
époque,NOU,1.827563111,2.122870923,1.975217017
chère,ADJ,1.827175348,1.552424846,1.689800097
vaisseau,NOU,1.826787239,0.859138297,1.342962768
prochain,ADJ,1.826593054,1.456062224,1.641327639
appelles,VER,1.826528306,0.940516485,1.383522396
prise,NOU,1.826269219,1.903089987,1.864679603
victime,VER,1.822625679,1.454082271,1.638353975
héros,NOU,1.820661135,1.639984248,1.730322692
système,NOU,1.820332845,1.625621081,1.722976963
sept,ADJ,1.820070034,1.878579238,1.849324636
apporte,VER,1.819346484,1.361160995,1.59025374
art,NOU,1.819083076,1.911104318,1.865093697
douleur,NOU,1.818093869,1.891202827,1.854648348
ennemi,ADJ,1.81756537,1.923503067,1.870534219
travers,NOU,1.816903839,2.393820795,2.105362317
différent,ADJ,1.81571054,1.438225808,1.626968174
stupide,ADJ,1.815444916,1.370142847,1.592793882
nature,NOU,1.815046176,2.018950022,1.916998099
descendre,VER,1.814780146,1.847634344,1.831207245
tas,NOU,1.814780146,1.923140356,1.868960251
capable,ADJ,1.81391442,1.843419665,1.828667043
vouloir,VER,1.81391442,1.815577748,1.814746084
asseoir,VER,1.813580989,1.820070034,1.816825512
pote,VER,1.813113754,1.361160995,1.587137375
ridicule,ADJ,1.812980166,1.668012972,1.740496569
tort,NOU,1.812177774,1.71222867,1.762203222
tombé,VER,1.811373897,1.709354776,1.760364337
français,ADJ,1.811038509,2.473399372,2.142218941
public,ADJ,1.810366954,1.747800091,1.779083523
histoires,NOU,1.810232518,1.828015064,1.819123791
chanson,NOU,1.809559715,1.417471693,1.613515704
faisons,VER,1.809492377,1.200850498,1.505171438
aidez,VER,1.808616035,0.442479769,1.125547902
savent,VER,1.808346036,1.648652695,1.728499366
lequel,PRO,1.80827851,2.137037455,1.972657983
papiers,NOU,1.807467376,1.767230098,1.787348737
coupable,ADJ,1.807332039,1.439332694,1.623332367
ouvrez,VER,1.807332039,0.793790385,1.300561212
inspecteur,NOU,1.806993514,1.197004728,1.501999121
merveilleux,ADJ,1.806586934,1.418467021,1.612526978
nulle,ADJ,1.806044236,1.684037037,1.745040637
marier,VER,1.805364907,1.217220656,1.511292782
recherche,NOU,1.805092878,1.63113925,1.718116064
revenu,VER,1.804412059,1.697752274,1.751082167
blague,NOU,1.804275767,1.247973266,1.526124517
contente,ADJ,1.804139432,1.513617074,1.658878253
dérange,VER,1.804071249,1.033825694,1.418948472
cool,ADJ,1.803661923,0.50242712,1.153044522
intérêt,NOU,1.803661923,1.875061263,1.839361593
dépêche,VER,1.803525396,1.003029471,1.403277434
presse,NOU,1.803388825,1.691876823,1.747632824
réponds,VER,1.803388825,1.457124626,1.630256726
portes,ADJ,1.802089258,1.920697134,1.861393196
garçons,NOU,1.799960527,1.87817698,1.839068754
avions,VER,1.799891685,2.201533673,2.000712679
gosse,NOU,1.798788714,1.533009022,1.665898868
quitté,VER,1.798788714,1.779163424,1.788976069
intéressant,VER,1.798719685,1.31386722,1.556293453
allée,VER,1.798097932,1.785899028,1.79199848
pain,NOU,1.798028793,1.997036711,1.897532752
trouvez,VER,1.79719827,1.149834697,1.473516484
nord,NOU,1.796851749,1.92526051,1.86105613
protéger,VER,1.796088429,1.428458774,1.612273602
descends,VER,1.794557751,1.084933575,1.439745663
aimez,VER,1.794139356,1.264345507,1.529242432
cinéma,NOU,1.793999801,1.862787098,1.82839345
justement,ADV,1.792951708,1.893095666,1.843023687
club,NOU,1.792321636,1.26904571,1.530683673
utiliser,VER,1.792181496,1.193402903,1.4927922
jeter,VER,1.791690649,1.802842113,1.797266381
ennuis,NOU,1.791620483,1.264345507,1.527982995
coupe,VER,1.791129001,1.710540448,1.750834725
souvenir,VER,1.791058744,2.162385156,1.97672195
sauvé,VER,1.789721694,1.365113432,1.577417563
paie,VER,1.789580712,1.11058971,1.450085211
pleurer,VER,1.789580712,1.802842113,1.796211413
retrouve,NOU,1.789157492,1.677333151,1.733245322
dingue,VER,1.789086915,1.176091259,1.482589087
choisi,VER,1.788521887,1.678609417,1.733565652
riche,ADJ,1.788168371,1.674217946,1.731193159
rôle,NOU,1.786751422,1.946992341,1.866871882
copain,ADJ,1.786325434,1.532117116,1.659221275
marre,VER,1.786325434,1.472317546,1.62932149
chaussures,NOU,1.78604121,1.678518379,1.732279795
humain,ADJ,1.785970125,1.632457292,1.709213709
cacher,ADJ,1.7857568,1.685293781,1.735525291
dents,NOU,1.78490245,2.058919261,1.921910856
preuve,NOU,1.783832143,1.703635238,1.743733691
amène,ADJ,1.782544284,1.158060794,1.470302539
enquête,NOU,1.782257574,1.270678836,1.526468205
combat,VER,1.782185866,1.745074792,1.763630329
conduire,VER,1.782185866,1.60498163,1.693583748
mangé,VER,1.781252594,1.439332694,1.610292644
église,NOU,1.779596491,2.091948191,1.935772341
bar,NOU,1.779380011,1.720737977,1.750058994
pleure,VER,1.779380011,1.396722279,1.588051145
gouvernement,NOU,1.776846409,2.078202983,1.927524696
politique,ADJ,1.776192515,2.042457375,1.909324945
dimanche,NOU,1.775756038,1.943692327,1.859724183
réveille,VER,1.775756038,1.244771761,1.5102639
venus,VER,1.775173385,1.700703717,1.737938551
contact,NOU,1.775100499,1.745699227,1.760399863
habite,VER,1.774881766,1.352182518,1.563532142
glace,NOU,1.774443969,1.896029912,1.835236941
taxi,NOU,1.773932647,1.615107987,1.694520317
lait,NOU,1.773859552,1.793999801,1.783929677
idées,NOU,1.773640193,1.941312625,1.857476409
nul,ADJ,1.773054693,1.766635886,1.76984529
attendais,VER,1.77298145,1.566083784,1.669532617
félicitations,NOU,1.772541733,0.705007959,1.238774846
puisque,CON,1.77151399,2.120442307,1.945978149
langue,NOU,1.770483809,2.016113666,1.893298738
responsable,ADJ,1.770483809,1.429590802,1.600037306
mur,NOU,1.770115295,2.236965299,2.003540297
file,VER,1.76871208,1.594723946,1.681718013
sentir,VER,1.767007364,1.870345371,1.818676368
huit,ADJ,1.766933094,2.010723865,1.88882848
longue,ADJ,1.766487206,2.182699903,1.974593555
permis,NOU,1.766487206,1.673020907,1.719754057
lune,NOU,1.765594055,1.800991861,1.783292958
match,NOU,1.76537048,0.972665592,1.369018036
foutu,VER,1.765221366,1.428458774,1.59684007
gare,VER,1.764848357,1.92526051,1.845054434
mariée,VER,1.764773717,1.369957607,1.567365662
marié,VER,1.764549719,1.22762965,1.496089685
arrivent,VER,1.764325606,1.338854746,1.551590176
étions,VER,1.764101376,2.138302698,1.951202037
aimais,VER,1.763951826,1.75709222,1.760522023
mesdames,NOU,1.763652571,0.674861141,1.219256856
épouse,VER,1.76305344,1.499136995,1.631095218
sauter,VER,1.76260355,1.636588184,1.699595867
épouser,VER,1.762453482,1.305351369,1.533902426
raconter,VER,1.761852694,1.811976944,1.786914819
répondre,VER,1.761627185,1.993788814,1.877708
chat,NOU,1.761251074,1.772761647,1.767006361
cerveau,NOU,1.760949951,1.461198289,1.61107412
dirais,VER,1.760799312,1.224274014,1.492536663
vêtements,NOU,1.760799312,1.873901598,1.817350455
espoir,NOU,1.760573254,1.957798775,1.859186015
chasse,VER,1.760196229,1.790707287,1.775451758
films,NOU,1.760120785,1.390758529,1.575439657
couleur,NOU,1.759365622,2.074267743,1.916816683
vive,ADJ,1.758911892,1.694166296,1.726539094
importance,NOU,1.758306182,1.87817698,1.818241581
touché,VER,1.757775491,1.491501766,1.624638629
né,VER,1.757699625,1.574725584,1.666212605
beaux,ADJ,1.757396029,1.804684515,1.781040272
dossier,NOU,1.757396029,1.545801757,1.651598893
bravo,INT,1.757320097,1.047274867,1.402297482
horrible,ADJ,1.75709222,1.316808752,1.536950486
deuxième,NOU,1.756636108,1.883604661,1.820120385
suivez,VER,1.756103372,0.802773725,1.279438549
entrée,NOU,1.755188586,2.111228898,1.933208742
essaye,VER,1.754654069,1.019946682,1.387300376
toucher,VER,1.754654069,1.820070034,1.787362052
secondes,NOU,1.754195388,1.761175813,1.757685601
signifie,VER,1.75327657,1.178113252,1.465694911
mémoire,NOU,1.752816431,2.024239306,1.888527869
solution,NOU,1.751740874,1.566908655,1.659324765
quels,PRO,1.751587005,1.570893036,1.661240021
faîte,NOU,1.751433082,0.846955325,1.299194204
dégage,VER,1.7513561,1.014520539,1.38293832
immédiatement,ADV,1.75089392,1.629817196,1.690355558
papier,NOU,1.750662646,2.160138258,1.955400452
présenter,VER,1.750508395,1.462248215,1.606378305
copine,NOU,1.750354089,1.099335278,1.424844684
reine,NOU,1.750199728,1.477121255,1.613660492
chante,VER,1.749427099,1.26599637,1.507711735
empêcher,VER,1.748110467,1.846337112,1.79722379
mien,PRO,1.745621221,1.566083784,1.655852503
enlève,VER,1.744996674,1.135132651,1.440064663
restes,NOU,1.744996674,1.341632336,1.543314505
environ,ADV,1.744684063,1.438225808,1.591454936
prévu,VER,1.744605875,1.524396122,1.634500999
bu,VER,1.744449457,1.625621081,1.685035269
expérience,NOU,1.744449457,1.682235357,1.713342407
manière,NOU,1.743744879,2.12923861,1.936491745
occasion,NOU,1.743431365,1.964212473,1.853821919
planète,VER,1.74264659,1.297979244,1.520312917
position,NOU,1.74225367,1.731185708,1.736719689
quitte,VER,1.74225367,1.554004321,1.648128996
quartier,NOU,1.742175043,1.953566414,1.847870729
certainement,ADV,1.741624258,1.777644278,1.759634268
ayez,VER,1.741151599,1.200850498,1.471001049
partis,VER,1.741072772,1.65829765,1.699685211
dort,VER,1.740757323,1.414137362,1.577447343
dors,VER,1.740599513,1.143639235,1.442119374
soldats,NOU,1.740046724,1.916453949,1.828250337
certaines,PRO,1.739651444,1.774224905,1.756938175
mienne,PRO,1.739176632,1.62838893,1.683782781
cent,ADJ,1.738939031,2.196176185,1.967557608
décision,NOU,1.737431201,1.679155241,1.708293221
occupé,VER,1.736237099,1.465234095,1.600735597
soin,NOU,1.735997884,1.657151502,1.696574693
apporté,VER,1.735918117,1.389697548,1.562807833
types,NOU,1.734239604,1.582517884,1.658378744
cassé,VER,1.733919151,1.367542274,1.550730713
essayez,VER,1.733518251,0.84260924,1.288063746
belles,ADJ,1.733277534,1.828015064,1.780646299
foi,NOU,1.732876041,1.883604661,1.808240351
sache,VER,1.732876041,1.432809005,1.582842523
jardin,NOU,1.732474177,2.172369377,1.952421777
doux,ADJ,1.732152418,1.83193373,1.782043074
centre,NOU,1.73183042,1.90676589,1.819298155
frais,ADJ,1.731588765,1.935608019,1.833598392
arrivera,VER,1.731266349,1.003029471,1.36714791
imbécile,ADJ,1.730782276,1.496237545,1.613509911
casse,VER,1.730297662,1.340245762,1.535271712
éviter,VER,1.730055152,1.778657632,1.754356392
base,NOU,1.729650668,1.508260306,1.618955487
client,NOU,1.729407797,1.45909079,1.594249294
poisson,NOU,1.729245807,1.479143248,1.604194528
dise,VER,1.728028954,1.405004665,1.56651681
charge,NOU,1.727622578,1.643945913,1.685784246
gagne,VER,1.727459921,1.293583513,1.510521717
rencontre,NOU,1.726482697,1.937969003,1.83222585
métier,NOU,1.72607487,1.87817698,1.802125925
nécessaire,ADJ,1.725339816,1.751971575,1.738655696
pardonne,VER,1.725176301,1.089905111,1.407540706
embrasse,NOU,1.724930914,1.477121255,1.601026085
toilettes,NOU,1.724930914,1.126456113,1.425693514
dure,ADJ,1.724521627,1.764250875,1.744386251
viendra,VER,1.723619836,1.363799945,1.543709891
passez,VER,1.722962809,0.820857989,1.271910399
soldat,NOU,1.722469386,1.664829941,1.693649664
vécu,VER,1.721810615,1.779163424,1.75048702
parie,VER,1.720903171,0.933487288,1.32719523
superbe,ADJ,1.720820582,1.348110068,1.534465325
fier,ADJ,1.720737977,1.559667278,1.640202628
malin,ADJ,1.720490068,1.287577809,1.504033939
tueur,NOU,1.719497017,0.86332286,1.291409939
faits,VER,1.71941416,1.762153192,1.740783676
regard,NOU,1.719248398,2.550142709,2.134695554
monstre,ADJ,1.719082574,1.328175661,1.523629118
frappe,VER,1.718003168,1.400365273,1.559184221
maladie,NOU,1.717504075,1.695394108,1.706449092
réalité,NOU,1.717254313,1.880527778,1.798891046
offrir,VER,1.716504164,1.701913211,1.709208688
image,NOU,1.716003344,2.081851172,1.898927258
regrette,VER,1.715919817,1.333447274,1.524683546
magasin,NOU,1.715752717,1.659060072,1.687406395
destin,NOU,1.715418323,1.797752129,1.756585226
pauvres,ADJ,1.715083671,1.798236176,1.756659924
rendu,VER,1.714999967,1.736635498,1.725817733
fil,NOU,1.714581209,1.880527778,1.797554494
formidable,ADJ,1.714245911,1.478133428,1.59618967
demandez,VER,1.713826424,1.087426457,1.400626441
ton,DET,1.713742478,2.14129296,1.927517719
soient,VER,1.713070326,1.731749884,1.722410105
remercie,VER,1.712733859,1.232742063,1.472737961
fout,VER,1.71189155,1.401400541,1.556646046
court,ADV,1.711807229,1.948021533,1.829914381
différence,NOU,1.711554168,1.587149498,1.649351833
ramener,VER,1.711216524,1.396722279,1.553969402
verras,VER,1.710455864,1.37621185,1.543333857
bleu,ADJ,1.708930536,2.173943437,1.941436987
spectacle,NOU,1.708760724,1.824516328,1.766638526
bus,VER,1.708675793,1.147676324,1.428176059
couteau,NOU,1.708250889,1.64601141,1.67713115
tourner,VER,1.707995746,1.837462171,1.772728959
enceinte,VER,1.707570176,1.325310372,1.516440274
justice,NOU,1.707229419,1.664829941,1.68602968
mignon,ADJ,1.706034661,0.912753304,1.309393983
personnel,NOU,1.705778213,1.56937391,1.637576062
telle,PRO,1.705692697,2.106428895,1.906060796
chiens,NOU,1.705607163,1.736635498,1.721121331
double,VER,1.705007959,1.842172229,1.773590094
découvert,VER,1.704750904,1.601951404,1.653351154
envers,PRP,1.703549298,1.675503385,1.689526342
bain,NOU,1.703463342,1.634578023,1.669020683
partons,VER,1.703463342,0.901458321,1.302460832
goût,NOU,1.703377369,2.096214585,1.899795977
travaillé,VER,1.703377369,1.315550534,1.509463952
dieux,NOU,1.703205371,1.446692466,1.574948919
respect,NOU,1.703033305,1.627673032,1.665353169
pont,NOU,1.702861171,1.872680607,1.787770889
sexe,NOU,1.702775078,1.667359546,1.685067312
discuter,VER,1.702688968,1.406028945,1.554358957
retrouvé,VER,1.702258163,1.740362689,1.721310426
venait,VER,1.701136066,2.434393235,2.067764651
île,NOU,1.700703717,1.922102367,1.811403042
détruire,VER,1.700011062,1.308350949,1.504181006
camion,NOU,1.699490845,1.481012421,1.590251633
opération,NOU,1.699056855,1.617210095,1.658133475
action,NOU,1.698709349,1.862787098,1.780748224
fatigué,VER,1.698013504,1.517195898,1.607604701
drogue,NOU,1.697665163,1.060320029,1.378992596
aimait,VER,1.695218919,2.109646031,1.902432475
ramène,VER,1.694780636,1.231214648,1.462997642
oubliez,VER,1.694429691,1.047274867,1.370852279
clés,NOU,1.693726949,1.13289977,1.41331336
interdit,VER,1.693726949,1.546542663,1.620134806
lorsque,CON,1.693375151,2.316305902,2.004840527
témoin,NOU,1.693287157,1.453012391,1.573149774
arbre,NOU,1.692758818,1.827110687,1.759934753
refuse,VER,1.692758818,1.383635868,1.538197343
réunion,NOU,1.691700208,1.281487888,1.486594048
malheur,NOU,1.691611874,1.862369937,1.776990906
terrain,NOU,1.691258358,1.811976944,1.751617651
sacré,ADJ,1.691081492,1.538070787,1.61457614
bombe,VER,1.690816058,1.197004728,1.443910393
folie,NOU,1.690284703,1.719579858,1.704932281
vus,VER,1.689575216,1.472317546,1.580946381
lis,NOU,1.689486448,1.302547372,1.49601691
savons,VER,1.688953463,1.312600439,1.500776951
fermer,VER,1.688864568,1.518118947,1.603491758
cartes,NOU,1.688775655,1.703033305,1.69590448
cache,NOU,1.687528961,1.362482475,1.525005718
étranger,ADJ,1.68735057,1.753506457,1.720428514
rentré,VER,1.687172105,1.438225808,1.562698957
campagne,NOU,1.686725621,1.976487537,1.831606579
chapeau,NOU,1.686725621,1.862787098,1.77475636
défense,NOU,1.686278678,1.679155241,1.68271696
repas,NOU,1.686010291,1.884342148,1.78517622
arranger,VER,1.685831275,1.26599637,1.475913823
aiment,VER,1.68538341,1.430719888,1.558051649
dépend,VER,1.683947131,1.181843588,1.43289536
permettez,VER,1.683767261,1.006037955,1.344902608
perds,VER,1.682415862,1.054995862,1.368705862
chanter,VER,1.682325619,1.534787359,1.608556489
spécial,ADJ,1.682325619,1.160168293,1.421246956
mêmes,ADJ,1.682054777,2.069557105,1.875805941
explique,VER,1.681422156,1.582517884,1.63197002
lâchez,VER,1.681422156,0.320146286,1.000784221
lettres,NOU,1.681060244,2.061226225,1.871143235
ange,NOU,1.680335513,1.33485569,1.507595602
meilleurs,ADJ,1.679246145,1.395675785,1.537460965
assassin,ADJ,1.678791434,1.225825991,1.452308713
excellent,VER,1.678427322,1.218797998,1.44861266
réfléchir,VER,1.677515705,1.562887381,1.620201543
appelait,VER,1.67614468,2.019490163,1.847817422
derniers,ADJ,1.675869955,1.872738827,1.774304391
camarade,VER,1.675044736,1.589391023,1.63221788
menti,VER,1.675044736,0.981818607,1.328431672
remarqué,VER,1.673941999,1.600537294,1.637239647
courir,VER,1.673849977,1.856245401,1.765047689
odeur,NOU,1.673849977,2.203739809,1.938794893
règles,NOU,1.673665876,1.346939463,1.51030267
aveugle,VER,1.673020907,1.660960292,1.6669906
choisir,VER,1.67292869,1.544068044,1.608498367
continuez,VER,1.672836454,0.674861141,1.173848798
remettre,VER,1.672559628,1.748808005,1.710683817
clients,NOU,1.672374979,1.619302076,1.645838528
gosses,NOU,1.672374979,1.441538039,1.556956509
hasard,NOU,1.671913012,2.075510465,1.873711739
zone,NOU,1.67182056,1.536432176,1.604126368
quelles,PRO,1.671358003,1.555698895,1.613528449
arrêt,NOU,1.670245853,1.670431409,1.670338631
mérite,NOU,1.66996737,1.404833717,1.537400544
rendez,VER,1.66996737,1.151982395,1.410974883
preuves,NOU,1.669781615,1.170261715,1.420021665
enlever,VER,1.669688708,1.349471799,1.509580254
moindre,ADJ,1.669688708,2.06803736,1.868863034
pourrai,VER,1.669409867,1.363799945,1.516604906
préparer,VER,1.669409867,1.635885685,1.652647776
malgré,PRP,1.667452953,2.282282156,1.974867555
voleur,ADJ,1.6658623,1.128722284,1.397292292
jambe,NOU,1.665674781,1.698361566,1.682018174
princesse,NOU,1.665674781,1.322426052,1.494050417
parlons,VER,1.66539335,1.21005085,1.4377221
sourire,VER,1.663700925,2.374546728,2.019123827
ventre,NOU,1.663418212,2.135514281,1.899466247
rappeler,VER,1.663040975,1.519959181,1.591500078
américain,ADJ,1.662285516,1.599118565,1.630702041
taille,NOU,1.662285516,1.882809041,1.772547279
nouveaux,ADJ,1.662096445,1.707740454,1.68491845
tirez,VER,1.661812686,0.545307116,1.103559901
finalement,ADV,1.661718058,1.770262738,1.715990398
doigts,NOU,1.66143405,2.245043574,1.953238812
veuillez,VER,1.661244609,0.953759692,1.307502151
sol,NOU,1.661149857,2.171170435,1.916160146
shérif,NOU,1.660391098,0.033423755,0.846907427
entier,ADJ,1.66029616,1.797267541,1.728781851
contrat,NOU,1.6599162,1.094471129,1.377193665
vérifier,VER,1.659821158,1.344195716,1.502008437
prépare,VER,1.658393026,1.292034436,1.475213731
parfaitement,ADV,1.657820456,1.851747419,1.754783938
niveau,NOU,1.657629431,1.487703863,1.572666647
animaux,ADJ,1.657151502,1.576456532,1.616804017
procès,NOU,1.657151502,1.385963571,1.521557537
noire,ADJ,1.654753933,2.175105741,1.914929837
répète,VER,1.654561555,1.571708832,1.613135194
disons,VER,1.654465334,1.25139485,1.452930092
forces,NOU,1.654369091,2.103187749,1.87877842
entendez,VER,1.654272827,1.145817714,1.400045271
compter,VER,1.653694795,1.722387094,1.688040945
troisième,ADJ,1.653405491,1.947335676,1.800370584
plage,NOU,1.653115993,1.857513415,1.755314704
restaurant,VER,1.653115993,1.599883072,1.626499533
présence,NOU,1.652729696,2.124210683,1.88847019
machine,VER,1.652633068,1.770778396,1.711705732
trésor,NOU,1.651859269,1.304059466,1.477959368
prince,NOU,1.651568739,1.816970038,1.734269389
programme,VER,1.650890078,1.343014497,1.496952288
balles,NOU,1.65079304,1.697752274,1.674272657
code,VER,1.65040467,1.137354111,1.393879391
douce,ADJ,1.65040467,1.866759783,1.758582227
nourriture,NOU,1.649237472,1.410608543,1.529923008
récupérer,VER,1.649237472,1.151982395,1.400609934
sers,VER,1.649140064,0.733197265,1.191168665
rapide,ADJ,1.649042634,1.763727404,1.706385019
frappé,VER,1.648750213,1.577951128,1.613350671
samedi,NOU,1.648457594,1.534787359,1.591622477
sommeil,NOU,1.648457594,2.049334336,1.848895965
amoureuse,ADJ,1.648360011,1.427486109,1.53792306
voudrait,VER,1.648164779,1.637989781,1.64307728
propres,ADJ,1.648067129,1.776192515,1.712129822
conscience,NOU,1.647969458,1.903469829,1.775719644
volonté,NOU,1.647480773,1.848435455,1.747958114
grandes,ADJ,1.647089429,2.115543948,1.881316689
parlait,VER,1.647089429,2.19614854,1.921618985
stop,NOU,1.646991537,0.812244697,1.229618117
pourras,VER,1.646893624,1,1.323446812
bouger,VER,1.646599752,1.668572269,1.657586011
meurt,VER,1.64630568,1.309843005,1.478074343
appareil,NOU,1.645422269,1.554852434,1.600137352
projet,NOU,1.645225712,1.600537294,1.622881503
bougez,VER,1.644340099,0.397940009,1.021140054
relation,NOU,1.643748685,1.008600172,1.326174429
embrasser,VER,1.642563437,1.57634135,1.609452394
meurs,VER,1.64246452,0.774516966,1.208490743
oiseau,NOU,1.641275757,1.680969718,1.661122738
viande,NOU,1.641275757,1.616475514,1.628875636
vouliez,VER,1.641275757,0.764176132,1.202725945
amuser,VER,1.641176547,1.403806611,1.522491579
assure,VER,1.641176547,1.432809005,1.536992776
cou,NOU,1.640580806,2.051923916,1.846252361
chevaux,NOU,1.640481437,1.838786145,1.739633791
raisons,NOU,1.640183192,1.787318757,1.713750975
regardes,VER,1.639884742,0.727541257,1.183713
vierge,ADJ,1.639785213,1.653212514,1.646498864
raté,NOU,1.639586087,1.092018471,1.365802279
honnête,ADJ,1.639486489,1.305351369,1.472418929
usine,VER,1.638988159,1.456062224,1.547525192
piste,NOU,1.638788667,1.543198586,1.590993627
crise,NOU,1.638589083,1.579440597,1.60901484
jette,VER,1.638389408,1.656481516,1.647435462
resté,VER,1.637989781,1.79302166,1.715505721
accepter,VER,1.63738965,1.56371834,1.600553995
pilote,NOU,1.637089274,0.875061263,1.256075269
direction,NOU,1.635986112,2.01300585,1.824495981
obligé,ADJ,1.6349808,1.608632989,1.621806895
unique,ADJ,1.634678752,1.824516328,1.72959754
apparemment,ADV,1.634275695,1.470263447,1.552269571
couché,VER,1.634074025,1.711132072,1.672603049
excuser,VER,1.633569443,1.080265627,1.356917535
failli,VER,1.633569443,1.363799945,1.498684694
neige,NOU,1.633468456,1.883207033,1.758337745
commissaire,NOU,1.633367445,1.506369717,1.569868581
cherchez,VER,1.632963168,0.866877814,1.249920491
feras,VER,1.632558515,1.11991541,1.376236963
pluie,NOU,1.632558515,2.048286393,1.840422454
majesté,NOU,1.631849462,1.348304863,1.490077163
genoux,NOU,1.631646663,2.016991578,1.824319121
emmenez,VER,1.631342286,0.442479769,1.036911028
discours,NOU,1.63113925,1.703635238,1.667387244
forte,ADJ,1.630631244,1.797821311,1.714226278
toit,NOU,1.629715333,1.737113094,1.683414214
invité,VER,1.629001619,1.323870607,1.476436113
prévenir,VER,1.628491105,1.498172661,1.563331883
noms,NOU,1.62838893,1.83321088,1.730799905
billets,NOU,1.627365857,1.496237545,1.561801701
officier,VER,1.627263417,1.602059991,1.614661704
vendu,VER,1.627160952,1.224274014,1.425717483
fermé,VER,1.626750854,1.642662331,1.634706593
gâteau,NOU,1.626648268,1.143639235,1.385143752
bouteille,NOU,1.626443025,1.847634344,1.737038685
blanche,ADJ,1.626340367,2.188816031,1.907578199
repos,NOU,1.626237685,1.639287226,1.632762456
décider,VER,1.626032248,1.433929766,1.529981007
régler,VER,1.626032248,1.349471799,1.487752024
noirs,ADJ,1.625929493,2.031691169,1.828810331
énergie,NOU,1.625106575,1.441538039,1.533322307
mens,VER,1.624900602,0.769377326,1.197138964
proche,ADJ,1.623662707,1.86516322,1.744412964
ravi,VER,1.623662707,1.193402903,1.408532805
lycée,NOU,1.62283548,1.561339941,1.592087711
entend,VER,1.620864475,1.80009818,1.710481328
caméra,NOU,1.619510721,0.64246452,1.130987621
espace,VER,1.619510721,1.898286279,1.7588985
rejoindre,VER,1.61898892,1.775683249,1.697336085
billet,NOU,1.617734035,1.508260306,1.562997171
couper,VER,1.617524535,1.501880494,1.559702515
gentille,ADJ,1.617419747,1.262688344,1.440054046
comprend,VER,1.616895426,1.502700175,1.559797801
auraient,VER,1.615844883,1.923503067,1.769673975
couple,NOU,1.615844883,1.676053125,1.645949004
regardé,VER,1.615844883,1.71222867,1.664036777
attendu,VER,1.615423953,1.599883072,1.607653513
dormi,VER,1.615423953,1.423081958,1.519252956
flingue,VER,1.615423953,1.049992857,1.332708405
enchanté,VER,1.61436984,1.009025742,1.311697791
course,NOU,1.614264287,1.718501689,1.666382988
attendant,VER,1.613418945,1.885474303,1.749446624
prouver,VER,1.613418945,1.325310372,1.469364659
appartient,VER,1.612147838,1.306853749,1.459500794
patient,ADJ,1.612041745,1.072617477,1.342329611
os,NOU,1.610340711,1.696618459,1.653479585
crains,VER,1.610234175,1.246498581,1.428366378
règle,NOU,1.610234175,1.500099192,1.555166684
cesse,VER,1.610127613,1.984752278,1.797439946
tuée,VER,1.609701102,0.812244697,1.2109729
lever,VER,1.609167374,1.878923734,1.744045554
voitures,NOU,1.609167374,1.792111409,1.700639392
morceau,NOU,1.60906055,1.762228284,1.685644417
neuf,ADJ,1.608953699,1.845903839,1.727428769
pierre,NOU,1.608312043,2.076967952,1.842639998
larmes,VER,1.608097946,2.088844563,1.848471255
russe,ADJ,1.607776604,1.706547103,1.657161854
château,NOU,1.607562243,1.801952235,1.704757239
théâtre,NOU,1.607562243,1.808346036,1.70795414
pièces,NOU,1.606811147,1.916822285,1.761816716
joues,VER,1.606596309,1.891593204,1.749094757
couche,NOU,1.606273853,1.611510887,1.60889237
manqué,VER,1.606166315,1.432969291,1.519567803
voulons,VER,1.606166315,0.979092901,1.292629608
alcool,NOU,1.605197267,1.599118565,1.602157916
animal,ADJ,1.604550033,1.726238047,1.66539404
ancien,ADJ,1.604442066,1.856305866,1.730373966
passage,NOU,1.604226053,2.136149586,1.87018782
autrement,ADV,1.603793704,1.797752129,1.700772917
étage,VER,1.602819342,1.841734779,1.722277061
intention,NOU,1.602059991,1.732313327,1.667186659
souhaite,VER,1.60184279,1.238046103,1.419944447
perd,VER,1.601734148,1.397940009,1.499837079
passera,VER,1.601190533,1.145817714,1.373504124
commande,NOU,1.601081728,1.414137362,1.507609545
amuse,VER,1.600428326,1.395501124,1.497964725
doigt,NOU,1.600210306,1.904931827,1.752571067
achète,VER,1.600101256,1.162265614,1.381183435
comptes,NOU,1.599992178,1.390935107,1.495463643
reposer,VER,1.599992178,1.321184027,1.460588103
horreur,NOU,1.599773939,1.787814567,1.693794253
falloir,VER,1.599664779,1.249687428,1.424676104
heureusement,ADV,1.599664779,1.710540448,1.655102614
miracle,NOU,1.599664779,1.533009022,1.566336901
victimes,NOU,1.599664779,1.249687428,1.424676104
énorme,ADJ,1.599118565,1.909662985,1.754390775
échapper,VER,1.59900924,1.681602999,1.64030612
serons,VER,1.59900924,1.241546481,1.420277861
démon,NOU,1.598899887,1.13289977,1.365899829
violence,NOU,1.59835271,1.725176301,1.661764506
vache,NOU,1.597804842,1.510946949,1.554375896
marrant,VER,1.59747579,1.185542155,1.391508973
succès,NOU,1.59747579,1.730136004,1.663805897
paye,VER,1.595936906,1.25139485,1.423665878
costume,NOU,1.595496222,1.650598898,1.62304756
sérieusement,ADV,1.594834356,1.337658891,1.466246624
informations,NOU,1.59439255,1.308350949,1.45137175
cigarette,NOU,1.593507589,1.889693791,1.74160069
acte,NOU,1.593175263,1.554852434,1.574013849
gardez,VER,1.592953572,0.716003344,1.154478458
désormais,ADV,1.592509848,1.946697837,1.769603843
réparer,VER,1.592509848,1.143639235,1.368074542
oreilles,NOU,1.591954555,1.957511511,1.774733033
laisses,VER,1.591621038,0.733197265,1.162409152
mine,NOU,1.590730406,1.719662683,1.655196545
agréable,ADJ,1.590618948,1.517195898,1.553907423
ouverte,ADJ,1.590618948,1.958133676,1.774376312
queue,NOU,1.590284404,1.711722892,1.651003648
sentiments,NOU,1.589502796,1.706547103,1.64802495
souris,VER,1.589502796,1.557266529,1.573384663
coûte,VER,1.589279221,1.309843005,1.449561113
vidéo,ADJ,1.589279221,-0.026872146,0.781203538
front,NOU,1.588943643,2.183469146,1.886206395
inquiétez,VER,1.588831726,0.58546073,1.087146228
note,VER,1.58871978,1.681602999,1.63516139
urgence,NOU,1.588607805,1.329397879,1.459002842
chaleur,NOU,1.588495801,2.050108963,1.819302382
gardes,NOU,1.588383768,1.381115081,1.484749425
conduit,VER,1.58759873,1.559786968,1.573692849
utile,ADJ,1.58759873,1.400365273,1.493982002
points,NOU,1.586812269,1.707655324,1.647233797
servi,VER,1.586699802,1.607240504,1.596970153
méchant,VER,1.586587305,1.290479813,1.438533559
remercier,VER,1.586587305,1.189490314,1.38803881
militaire,ADJ,1.586474779,1.882068944,1.734271862
allemands,ADJ,1.586137025,1.912168896,1.749152961
gaffe,VER,1.58591171,1.302547372,1.444229541
minuit,NOU,1.585122186,1.474216264,1.529669225
accepte,VER,1.584444307,1.270678836,1.427561572
prêtre,NOU,1.583991799,1.468199586,1.526095693
mariés,VER,1.583312152,1.033825694,1.308568923
demandes,NOU,1.583198774,1.020361283,1.301780029
journaux,NOU,1.583198774,1.865577707,1.724388241
retraite,ADJ,1.583198774,1.588607805,1.58590329
pourrez,VER,1.582971929,1.04453976,1.313755845
écris,VER,1.582517884,1.394451681,1.488484783
censé,ADJ,1.582290683,0.656098202,1.119194443
université,NOU,1.582290683,1.121887985,1.352089334
suivi,VER,1.581949658,1.737749074,1.659849366
amené,VER,1.581380689,1.301029996,1.441205343
ministre,NOU,1.580924976,1.785401025,1.683163001
champ,NOU,1.580354661,1.713994268,1.647174465
naissance,NOU,1.57863921,1.694868328,1.636753769
vitesse,NOU,1.578524605,1.737113094,1.65781885
prendra,VER,1.577721525,0.984977126,1.281349326
souffle,NOU,1.577606677,2.035789833,1.806698255
tableau,NOU,1.5774918,1.762228284,1.669860042
chair,NOU,1.576686805,1.980503318,1.778595062
passée,VER,1.575303333,1.562173863,1.568738598
crétin,NOU,1.575072326,0.778874472,1.176973399
suivant,PRP,1.574725584,1.794418331,1.684571958
faible,ADJ,1.57426283,1.662946614,1.618604722
mètres,NOU,1.574031268,2.034949147,1.804490208
agir,VER,1.573799582,1.472171147,1.522985365
hiver,NOU,1.57333584,1.983536082,1.778435961
pensent,VER,1.573103783,1.089905111,1.331504447
supplie,VER,1.572639297,1.041787319,1.307213308
reconnais,VER,1.572406868,1.382377303,1.477392086
chauffeur,NOU,1.572290606,1.645324002,1.608807304
rappelles,VER,1.572174314,0.923244019,1.247709167
source,NOU,1.572174314,1.549125927,1.560650121
cousin,NOU,1.571825249,1.591621038,1.581723144
durant,PRP,1.571825249,1.864807629,1.718316439
coffre,NOU,1.571475904,1.40277707,1.487126487
vole,VER,1.571009672,1.011570444,1.291290058
recevoir,VER,1.57054294,1.691258358,1.630900649
découvrir,VER,1.569490954,1.706547103,1.638019029
imaginer,VER,1.569256833,1.807940721,1.688598777
frapper,VER,1.569139725,1.506369717,1.537754721
salon,NOU,1.568905415,1.924899264,1.74690234
mentir,VER,1.568319085,1.181843588,1.375081337
reprendre,VER,1.567966907,1.830588669,1.699277788
trouvée,VER,1.567966907,1.23299611,1.400481509
attendent,VER,1.567614443,1.338854746,1.453234595
américains,ADJ,1.567379308,1.653791187,1.610585248
entré,VER,1.567026366,1.510946949,1.538986658
paquet,NOU,1.567026366,1.797752129,1.682389248
pousse,VER,1.567026366,1.649918719,1.608472543
sentiment,NOU,1.566673138,2.027023255,1.796848197
dernières,ADJ,1.566083784,1.731749884,1.648916834
million,NOU,1.565611725,0.894316063,1.229963894
blancs,ADJ,1.56549363,1.931508722,1.748501176
montagne,NOU,1.565375503,1.697229343,1.631302423
obtenir,VER,1.564666064,1.577146985,1.570906525
souvenez,VER,1.564666064,1.036628895,1.30064748
réveiller,VER,1.564192461,1.461198289,1.512695375
connaissance,NOU,1.563481085,1.746712023,1.655096554
ouest,ADJ,1.563481085,1.511883361,1.537682223
défendre,VER,1.563243701,1.617943435,1.590593568
nombre,NOU,1.56312496,1.882410684,1.722767822
fusil,NOU,1.562530769,1.594613509,1.578572139
chinois,ADJ,1.562411833,1.494293769,1.528352801
chemise,NOU,1.56205483,1.872680607,1.717367719
dira,VER,1.561935763,1.340245762,1.451090763
cherches,VER,1.561697533,0.764176132,1.162936833
oeuvre,NOU,1.561578368,1.838786145,1.700182257
caché,VER,1.561101384,1.521661015,1.5413812
poche,NOU,1.560623875,2.008429827,1.784526851
rappelez,VER,1.560504415,0.905256049,1.232880232
allemand,ADJ,1.560384923,1.739255803,1.649820363
gaz,NOU,1.560265398,1.457124626,1.508695012
tombée,VER,1.559906625,1.632558515,1.59623257
date,NOU,1.5594278,1.606381365,1.582904583
saute,VER,1.5594278,1.345569756,1.452498778
ombre,NOU,1.559308011,2.280760426,1.920034219
casser,VER,1.559188189,1.479143248,1.519165719
manteau,NOU,1.558228422,1.770778396,1.664503409
lundi,NOU,1.556423121,1.371252629,1.463837875
humains,ADJ,1.556302501,1.368844507,1.462573504
veste,NOU,1.556302501,1.745699227,1.651000864
détails,NOU,1.555819683,1.725748333,1.640784008
fumer,VER,1.555215405,1.319730494,1.43747295
lors,ADV,1.553761698,1.846769954,1.700265826
arrivés,VER,1.55291145,1.483872454,1.518391952
demandais,VER,1.552546548,1.478133428,1.515339988
senti,VER,1.552424846,1.703033305,1.627729076
crie,VER,1.552059534,1.610766595,1.581413065
donnes,NOU,1.551693915,0.733197265,1.14244559
amener,VER,1.551449998,1.259593879,1.405521939
champagne,NOU,1.551083865,1.499961866,1.525522866
voila,VER,1.550717423,0.130333768,0.840525596
verrez,VER,1.550228353,1.267406419,1.408817386
côtés,NOU,1.549983611,1.839163683,1.694573647
don,NOU,1.549861188,1.481012421,1.515436805
maisons,NOU,1.549493713,2.056065929,1.802779821
détruit,VER,1.549248557,1.154119526,1.351684042
produit,VER,1.548512256,1.552424846,1.550468551
dépêchez,VER,1.548389418,0.442479769,0.995434594
malheureusement,ADV,1.548389418,1.323870607,1.436130013
tribunal,NOU,1.548389418,1.176091259,1.362240339
pression,NOU,1.548143637,1.27989498,1.414019309
attraper,VER,1.548020695,1.232742063,1.390381379
tienne,PRO,1.547897718,1.145817714,1.346857716
importante,ADJ,1.547651658,1.262688344,1.405170001
excuses,NOU,1.547159121,1.108565024,1.327862073
sage,ADJ,1.5470359,1.447778009,1.497406955
carrière,NOU,1.546912643,1.519040039,1.532976341
emmerde,VER,1.545925329,1.031408464,1.288666897
midi,NOU,1.545925329,1.833656997,1.689791163
conversation,NOU,1.545801757,1.924899264,1.735350511
futur,ADJ,1.545801757,1.389697548,1.467749653
préféré,VER,1.545430829,1.432969291,1.48920006
franchement,ADV,1.545183368,1.450864692,1.49802403
fatiguée,ADJ,1.544688022,1.259593879,1.402140951
échange,NOU,1.544564097,1.430719888,1.487641993
racontes,VER,1.54344718,0.859138297,1.201292739
assurer,VER,1.543198586,1.589391023,1.566294805
répondu,VER,1.542825427,1.779163424,1.660994426
test,NOU,1.542451947,0.463892989,1.003172468
jaloux,ADJ,1.542327383,1.26927939,1.405803387
vert,ADJ,1.541704023,1.959089114,1.750396569
secrets,ADJ,1.541579244,1.599118565,1.570348905
gloire,NOU,1.541329578,1.685831275,1.613580427
milliers,NOU,1.541329578,1.602819342,1.57207446
aidé,VER,1.540829814,1.193402903,1.367116359
celles,PRO,1.540704783,2.033303101,1.787003942
fesses,NOU,1.540579717,1.587935349,1.564257533
certaine,ADJ,1.540329475,1.880870733,1.710600104
vieil,ADJ,1.5402043,1.709439574,1.624821937
vôtre,PRO,1.539828558,1.101747074,1.320787816
génie,NOU,1.539703239,1.676053125,1.607878182
calmez,VER,1.539452492,0.190331698,0.864892095
nerveux,ADJ,1.539452492,1.361160995,1.450306744
vies,NOU,1.539452492,1.25139485,1.395423671
réfléchis,ADJ,1.538573734,0.905256049,1.221914892
vienne,VER,1.538070787,1.397940009,1.468005398
coupé,NOU,1.537819095,1.564547712,1.551183404
reviendra,VER,1.537693194,1.065206128,1.301449661
oreille,NOU,1.537315273,2.014730495,1.776022884
idiote,ADJ,1.537189226,1.065206128,1.301197677
apporter,VER,1.536937023,1.470263447,1.503600235
poids,NOU,1.536810866,1.949633924,1.743222395
jeté,VER,1.536305872,1.700097705,1.618201789
supporter,NOU,1.536053155,1.557386882,1.546720019
pardonnez,VER,1.535420718,0.758911892,1.147166305
résultats,NOU,1.535420718,1.039414119,1.287417419
haute,ADJ,1.535167485,1.958802703,1.746985094
droits,NOU,1.534787359,1.478133428,1.506460394
souffrir,VER,1.534787359,1.60648885,1.570638105
saura,VER,1.534660576,1.174059808,1.354360192
repose,VER,1.534406899,1.169968174,1.352187537
univers,NOU,1.534153074,1.766784515,1.650468795
connaissais,VER,1.533899101,1.621384028,1.577641565
étant,VER,1.533390708,1.959089114,1.746239911
attrape,VER,1.532244644,0.940018155,1.2361314
partager,VER,1.532117116,1.396722279,1.464419698
ennuie,VER,1.531989551,1.312600439,1.422294995
laver,VER,1.531606632,1.486855355,1.509230994
offert,VER,1.531606632,1.454997217,1.493301925
vrais,ADJ,1.531351165,1.461198289,1.496274727
signal,NOU,1.531223375,1.272305844,1.40176461
oiseaux,NOU,1.530967682,1.813380807,1.672174245
lèvres,NOU,1.53032779,2.303800624,1.917064207
raconté,VER,1.529815197,1.581835924,1.555825561
douche,VER,1.529558673,1.315550534,1.422554604
ennemis,ADJ,1.529430354,1.558108302,1.543769328
sorcière,NOU,1.529430354,0.807535028,1.168482691
aise,ADJ,1.527372083,1.717337583,1.622354833
brûle,VER,1.527114112,1.249687428,1.38840077
fer,NOU,1.526985069,2.026451546,1.776718308
jeux,NOU,1.526985069,1.629817196,1.578401133
mensonge,NOU,1.526855987,1.340245762,1.433550875
revenez,VER,1.526855987,0.812244697,1.169550342
malheureux,ADJ,1.525174428,1.730620798,1.627897613
concerne,VER,1.524915148,1.421932813,1.473423981
juifs,ADJ,1.524396122,1.573219827,1.548807975
semblant,VER,1.524396122,1.667266119,1.595831121
riches,ADJ,1.523746467,1.541579244,1.532662856
article,NOU,1.523616419,1.500922239,1.512269329
série,VER,1.522965595,1.549125927,1.536045761
humaine,ADJ,1.522835314,1.685831275,1.604333295
talent,NOU,1.522704993,1.49248101,1.507593002
accompagne,VER,1.522183318,1.180125875,1.351154597
innocent,ADJ,1.522052801,1.183839037,1.352945919
fantastique,ADJ,1.521530341,0.897627091,1.209578716
paradis,NOU,1.521530341,1.447778009,1.484654175
valise,NOU,1.521268876,1.676053125,1.598661001
étoiles,VER,1.519040039,1.716837723,1.617938881
rêvé,VER,1.518908574,1.344392274,1.431650424
annonce,NOU,1.51851394,1.543322901,1.530918421
parlais,VER,1.518250651,1.290702243,1.404476447
péché,VER,1.518250651,1.396896449,1.45757355
vélo,NOU,1.517855419,1.385963571,1.451909495
essence,NOU,1.517327882,1.44357588,1.480451881
joindre,VER,1.517327882,1.151982395,1.334655139
études,NOU,1.516799704,1.637289548,1.577044626
pis,ADV,1.516799704,1.624282096,1.5705409
identité,NOU,1.516270883,1.354876423,1.435573653
invités,VER,1.516138577,1.368844507,1.442491542
titre,NOU,1.515873844,1.72794771,1.621910777
souvenirs,NOU,1.515741417,1.955880086,1.735810752
bref,ADJ,1.514547753,1.872680607,1.69361418
chaise,NOU,1.514547753,1.936262342,1.725405048
devenue,VER,1.514547753,1.716253826,1.61540079
enfance,NOU,1.514547753,2.013300787,1.76392427
saviez,VER,1.514282048,0.915927212,1.21510463
pourraient,VER,1.51401618,1.425208051,1.469612116
foutez,VER,1.513883186,0.87909588,1.196489533
suit,VER,1.512817759,1.468199586,1.490508673
sentez,VER,1.512684396,0.727541257,1.120112827
artiste,ADJ,1.512417549,1.538196578,1.525307064
pensait,VER,1.512284063,2.03762567,1.774954867
perdue,VER,1.512150537,1.589391023,1.55077078
valeur,NOU,1.511616021,1.610021025,1.560818523
risques,VER,1.511348515,1.3586961,1.435022308
paroles,NOU,1.510679031,1.984482306,1.747580669
arbres,NOU,1.51054501,2.150510833,1.830527922
amitié,NOU,1.510410948,1.830588669,1.670499809
débarrasser,VER,1.510142699,1.372543801,1.44134325
fiancée,VER,1.510008513,1.067814511,1.288911512
fortune,NOU,1.509874285,1.667359546,1.588616916
moyens,ADJ,1.509874285,1.798650645,1.654262465
poulet,NOU,1.509605705,1.162265614,1.33593566
cherché,VER,1.508798965,1.389697548,1.449248257
apprécie,VER,1.508260306,0.875061263,1.191660785
gêne,NOU,1.507990725,1.612253906,1.560122316
marque,VER,1.507990725,1.577146985,1.542568855
également,ADV,1.507720977,1.851319513,1.679520245
soupe,NOU,1.507045872,1.564547712,1.535796792
deviens,VER,1.506640306,0.953759692,1.230199999
parlent,VER,1.50623436,1.468199586,1.487216973
courses,NOU,1.505692507,1.477121255,1.491406881
trace,NOU,1.50501424,1.651859269,1.578436755
recommence,VER,1.504878459,1.236285277,1.370581868
menace,VER,1.504470862,1.538950562,1.521710712
intelligent,ADJ,1.504062883,1.286007122,1.395035003
pensées,NOU,1.503926804,1.725748333,1.614837569
utilisé,VER,1.503790683,0.710963119,1.107376901
mène,VER,1.503245771,1.332236415,1.417741093
juif,NOU,1.502700175,1.593839661,1.548269918
joyeux,ADJ,1.502563669,1.426348574,1.464456122
taire,VER,1.502563669,1.500922239,1.501742954
répondez,VER,1.502017215,0.562292864,1.03215504
verrai,VER,1.501880494,1.022840611,1.262360553
portable,ADJ,1.501059262,-0.214670165,0.643194549
sonne,VER,1.500922239,1.225825991,1.363374115
utilise,VER,1.500785173,0.472756449,0.986770811
services,NOU,1.500648063,1.562173863,1.531410963
envoyez,VER,1.500510911,0.348304863,0.924407887
baisse,NOU,1.500373714,1.259593879,1.379983797
pistolet,NOU,1.500099192,1.170261715,1.335180454
lunettes,NOU,1.499824496,1.831485839,1.665655168
rentrez,VER,1.499687083,0.409933123,0.954810103
désir,NOU,1.499549626,1.98538156,1.742465593
parfaite,VER,1.499274582,1.366422957,1.43284877
traces,NOU,1.498861689,1.612253906,1.555557798
choc,NOU,1.498586209,1.587149498,1.542867854
souffre,VER,1.498586209,1.21005085,1.35431853
crier,VER,1.498172661,1.674861141,1.586516901
haine,NOU,1.498172661,1.693639026,1.595905844
pantalon,NOU,1.498172661,1.762753565,1.630463113
empêche,VER,1.497758718,1.61436984,1.556064279
aéroport,NOU,1.497482537,0.898176483,1.19782951
geste,NOU,1.497067936,2.235604189,1.866336063
déranger,VER,1.496652939,1.164055292,1.330354116
vendredi,NOU,1.496376054,1.262688344,1.379532199
bel,ADJ,1.496237545,1.569256833,1.532747189
tente,VER,1.496098992,1.50731604,1.501707516
victoire,NOU,1.495683068,1.757623746,1.626653407
suspect,ADJ,1.495544338,0.969415912,1.232480125
soif,NOU,1.495266744,1.54740546,1.521336102
style,NOU,1.494988974,1.665487181,1.580238078
décide,VER,1.494850022,1.314077992,1.404464007
hais,VER,1.494293769,0.946943271,1.22061852
premiers,ADJ,1.493736802,1.992906818,1.74332181
lac,NOU,1.493597449,1.516403148,1.505000299
voyais,VER,1.493318608,1.955543442,1.724431025
faveur,NOU,1.492620722,1.441538039,1.467079381
cellule,NOU,1.492201451,1.548266545,1.520233998
invite,VER,1.492061605,1.160168293,1.326114949
parc,NOU,1.491641793,1.587935349,1.539788571
fuir,VER,1.490660653,1.554852434,1.522756544
soudain,ADV,1.49037992,2.401572846,1.945976383
relations,NOU,1.490239485,1.625621081,1.557930283
commis,VER,1.489958479,1.411788005,1.450873242
faisant,VER,1.489677292,2.07228667,1.780981981
plaisante,NOU,1.489536629,0.883093359,1.186314994
égal,ADJ,1.488550717,1.429590802,1.45907076
images,NOU,1.488409689,1.842172229,1.665290959
mode,NOU,1.488409689,1.671728088,1.580068889
surpris,VER,1.487986331,1.804684515,1.646335423
fermez,VER,1.487703863,0.227886705,0.857795284
sucre,NOU,1.487703863,1.496237545,1.491970704
passion,NOU,1.487279816,1.837083151,1.662181484
donnerai,VER,1.487138375,0.788875116,1.138006746
empreintes,VER,1.486430479,0.838219222,1.162324851
privé,VER,1.486146997,1.308350949,1.397248973
réveillé,VER,1.486146997,1.273695588,1.379921293
manquer,VER,1.48586333,1.3872118,1.436537565
nouvel,ADJ,1.485579477,1.346939463,1.41625947
acteur,NOU,1.484442208,1.189490314,1.336966261
camarades,NOU,1.484299839,1.779163424,1.631731632
lance,VER,1.484299839,1.457124626,1.470712233
rues,NOU,1.484299839,2.05556944,1.76993464
vivent,VER,1.484299839,1.287577809,1.385938824
copains,ADJ,1.483872454,1.698361566,1.59111701
voisins,NOU,1.483872454,1.59835271,1.541112582
trompe,VER,1.483729899,1.309843005,1.396786452
zéro,NOU,1.483444648,1.217220656,1.350332652
fiston,NOU,1.48258777,0.45331834,0.967953055
examen,NOU,1.482444792,1.262688344,1.372566568
puissance,NOU,1.482444792,1.644635504,1.563540148
prof,NOU,1.482301767,1.178113252,1.33020751
trompé,VER,1.482158695,1.26904571,1.375602203
moments,NOU,1.482015576,1.884342148,1.683178862
finie,VER,1.481585936,1.211654401,1.346620169
nettoyer,VER,1.481155871,1.039414119,1.260284995
somme,NOU,1.481155871,1.870345371,1.675750621
demi,ADJ,1.480725379,1.904553263,1.692639321
chut,NOU,1.480150725,0.87909588,1.179623303
plat,ADJ,1.480150725,1.861952375,1.67105155
ordinateur,ADJ,1.480006943,0.361727836,0.92086739
perte,NOU,1.480006943,1.425208051,1.452607497
porc,NOU,1.479719235,1.047274867,1.263497051
auprès,ADV,1.479287316,1.978043494,1.728665405
aube,NOU,1.479143248,1.746712023,1.612927636
gorge,VER,1.478854968,1.918606915,1.698730942
permission,NOU,1.478710756,1.247973266,1.363342011
direct,ADJ,1.478566496,1.178113252,1.328339874
grandi,VER,1.477988976,1.128722284,1.30335563
murs,NOU,1.477699928,2.161966616,1.819833272
recherches,NOU,1.477265995,1.174059808,1.325662902
finit,VER,1.476686743,1.848004271,1.662345507
patience,NOU,1.476106717,1.518118947,1.497112832
nombreux,ADJ,1.475525915,1.568553712,1.522039814
whisky,NOU,1.475525915,1.400365273,1.437945594
extérieur,ADJ,1.475089803,1.555698895,1.515394349
préviens,VER,1.475089803,0.820857989,1.147973896
conduis,VER,1.474507639,0.553883027,1.014195333
humeur,NOU,1.474216264,1.720737977,1.597477121
médicaments,NOU,1.474216264,0.926856709,1.200536487
propriétaire,ADJ,1.473778835,1.371252629,1.422515732
soeurs,NOU,1.473632927,1.647969458,1.560801193
célèbre,ADJ,1.47348697,1.451939869,1.46271342
curieux,ADJ,1.473340964,1.730701544,1.602021254
fantôme,NOU,1.472902652,1.316808752,1.394855702
rose,ADJ,1.472902652,1.992288354,1.732595503
montré,VER,1.472024698,1.448860846,1.460442772
charmant,ADJ,1.471585054,1.33485569,1.403220372
chocolat,NOU,1.471438407,1.514547753,1.49299308
forêt,NOU,1.470851325,1.963268252,1.717059789
reviendrai,VER,1.470851325,0.937016107,1.203933716
davantage,ADV,1.47070443,1.990516444,1.730610437
palais,NOU,1.470557485,1.768786047,1.619671766
plu,VER,1.470410491,1.117602692,1.294006592
accès,NOU,1.470263447,1.37621185,1.423237649
sud,ADJ,1.469527479,1.544068044,1.506797762
auront,VER,1.469380136,1.446692466,1.458036301
remonte,VER,1.469380136,1.441380885,1.455380511
vingt,ADJ,1.469380136,2.189181397,1.829280767
caisse,NOU,1.469232743,1.707655324,1.588444034
fume,VER,1.469232743,1.181843588,1.325538166
secrétaire,NOU,1.468790262,1.586362223,1.527576243
notes,VER,1.46834733,1.581038949,1.52469314
port,NOU,1.46834733,1.811976944,1.640162137
croient,VER,1.468051791,1.283074975,1.375563383
figure,VER,1.467903947,1.966141733,1.71702284
épée,NOU,1.46746011,1.281487888,1.374473999
membres,NOU,1.46746011,1.696006715,1.581733413
écoutes,NOU,1.467015818,0.681241237,1.074128528
trouvera,VER,1.46686762,1.057666104,1.262266862
unité,NOU,1.466719372,1.399154334,1.432936853
brave,ADJ,1.466571072,1.431685345,1.449128209
mouvement,NOU,1.466274322,2.129689892,1.797982107
suicide,VER,1.466274322,1.276921132,1.371597727
signer,VER,1.46612587,1.130655349,1.29839061
leçon,NOU,1.465977368,1.354876423,1.410426896
respire,VER,1.465382851,1.249687428,1.35753514
désert,NOU,1.464936429,1.72794771,1.59644207
dessous,ADV,1.464638559,1.671728088,1.568183324
